<?xml version="1.0"?>
<!--
/**
 * Magento
 *
 * NOTICE OF LICENSE
 *
 * This source file is subject to the Open Software License (OSL 3.0)
 * that is bundled with this package in the file LICENSE.txt.
 * It is also available through the world-wide-web at this URL:
 * http://opensource.org/licenses/osl-3.0.php
 * If you did not receive a copy of the license and are unable to
 * obtain it through the world-wide-web, please send an email
 * to license@magentocommerce.com so we can send you a copy immediately.
 *
 * @category   Mage
 * @package    AW_Blog
 * @copyright  Copyright (c) 2004-2007 Irubin Consulting Inc. DBA Varien (http://www.varien.com)
 * @license    http://opensource.org/licenses/osl-3.0.php  Open Software License (OSL 3.0)
 */
-->
<config>
    <sections>
        <blog translate="label" module="blog">
            <label>Blog</label>
            <tab>awall</tab>
            <frontend_type>text</frontend_type>
            <sort_order>100</sort_order>
            <show_in_default>1</show_in_default>
            <show_in_website>1</show_in_website>
            <show_in_store>1</show_in_store>
            <groups>
                <blog translate="label">
                    <label>Blog Settings</label>
                    <frontend_type>text</frontend_type>
                    <sort_order>10</sort_order>
                    <show_in_default>1</show_in_default>
                    <show_in_website>1</show_in_website>
                    <show_in_store>1</show_in_store>
                    <fields>
                        <enabled translate="label">
                            <label>Enable</label>
                            <frontend_type>select</frontend_type>
                            <source_model>adminhtml/system_config_source_yesno</source_model>
                            <sort_order>0</sort_order>
                            <show_in_default>1</show_in_default>
                            <show_in_website>1</show_in_website>
                            <show_in_store>1</show_in_store>
                        </enabled>
                        <title translate="label">
                            <label>Blog Title</label>
                            <frontend_type>text</frontend_type>
                            <sort_order>10</sort_order>
                            <show_in_default>1</show_in_default>
                            <show_in_website>1</show_in_website>
                            <show_in_store>1</show_in_store>
                        </title>
                        <keywords translate="label">
                            <label>Meta Keywords</label>
                            <frontend_type>text</frontend_type>
                            <sort_order>11</sort_order>
                            <show_in_default>1</show_in_default>
                            <show_in_website>1</show_in_website>
                            <show_in_store>1</show_in_store>
                        </keywords>
                        <description translate="label">
                            <label>Meta Description</label>
                            <frontend_type>textarea</frontend_type>
                            <sort_order>12</sort_order>
                            <show_in_default>1</show_in_default>
                            <show_in_website>1</show_in_website>
                            <show_in_store>1</show_in_store>
                        </description>
                        <route translate="label content">
                            <label>Route to Blog</label>
                            <comment>eg. "news" will make the blog accessible from domain.com/news. Must not contain any slashes. Blank for default</comment>
                            <frontend_type>text</frontend_type>
                            <sort_order>4</sort_order>
                            <show_in_default>1</show_in_default>
                            <show_in_website>1</show_in_website>
                            <show_in_store>1</show_in_store>
                        </route>
                        <layout translate="label">
                            <label>Page Layout</label>
                            <frontend_type>select</frontend_type>
                            <source_model>blog/Layouts</source_model>
                            <sort_order>14</sort_order>
                            <show_in_default>1</show_in_default>
                            <show_in_website>1</show_in_website>
                            <show_in_store>1</show_in_store>
                        </layout>
                        <dateformat translate="label">
                            <label>Date Format</label>
                            <frontend_type>select</frontend_type>
                            <source_model>blog/dateformat</source_model>
                            <sort_order>16</sort_order>
                            <show_in_default>1</show_in_default>
                            <show_in_website>1</show_in_website>
                            <show_in_store>1</show_in_store>
                        </dateformat>
                        <blogcrumbs translate="label">
                            <label>Show Breadcrumbs</label>
                            <frontend_type>select</frontend_type>
                            <source_model>adminhtml/system_config_source_yesno</source_model>
                            <sort_order>20</sort_order>
                            <show_in_default>1</show_in_default>
                            <show_in_website>1</show_in_website>
                            <show_in_store>1</show_in_store>
                        </blogcrumbs>
                        <readmore translate="label">
                            <label>Summary Character Count</label>
                            <comment>Number of characters in a post to display before it is truncated and the read more link added. 0 for Unlimited.</comment>
                            <frontend_type>text</frontend_type>
                            <sort_order>24</sort_order>
                            <show_in_default>1</show_in_default>
                            <show_in_website>1</show_in_website>
                            <show_in_store>1</show_in_store>
                        </readmore> 
                        <useshortcontent translate="label comment">
                            <label>Use short content field</label>
                            <comment>If turned on additional "short content field" will be taken instead of truncated main post.</comment>
                            <frontend_type>select</frontend_type>
                            <source_model>adminhtml/system_config_source_yesno</source_model>
                            <sort_order>27</sort_order>
                            <show_in_default>1</show_in_default>
                            <show_in_website>1</show_in_website>
                            <show_in_store>1</show_in_store>
                        </useshortcontent>    
                        <parse_cms translate="label">
                            <label>Parse CMS tags in post contents</label>
                            <frontend_type>select</frontend_type>
                            <source_model>adminhtml/system_config_source_yesno</source_model>
                            <sort_order>29</sort_order>
                            <show_in_default>1</show_in_default>
                            <show_in_website>1</show_in_website>
                            <show_in_store>1</show_in_store>
                        </parse_cms>                                            
                        <perpage translate="label">
                            <label>Posts Per Page</label>
                            <comment>Comma-separated</comment>
                            <frontend_type>text</frontend_type>
                            <sort_order>30</sort_order>
                            <show_in_default>1</show_in_default>
                            <show_in_website>1</show_in_website>
                            <show_in_store>1</show_in_store>
                        </perpage>
                        <bookmarkspost translate="label">
                            <label>Show Bookmarks in Posts</label>
                            <frontend_type>select</frontend_type>
                            <source_model>adminhtml/system_config_source_yesno</source_model>
                            <sort_order>40</sort_order>
                            <show_in_default>1</show_in_default>
                            <show_in_website>1</show_in_website>
                            <show_in_store>1</show_in_store>
                        </bookmarkspost>
                        <bookmarkslist translate="label">
                            <label>Show Bookmarks in Lists</label>
                            <frontend_type>select</frontend_type>
                            <source_model>adminhtml/system_config_source_yesno</source_model>
                            <sort_order>40</sort_order>
                            <show_in_default>1</show_in_default>
                            <show_in_website>1</show_in_website>
                            <show_in_store>1</show_in_store>
                        </bookmarkslist>
                        <categories_urls translate="label">
                            <label>Use categories id in posts URLs</label>
                            <frontend_type>select</frontend_type>
                            <source_model>adminhtml/system_config_source_yesno</source_model>
                            <sort_order>40</sort_order>
                            <show_in_default>1</show_in_default>
                            <show_in_website>1</show_in_website>
                            <show_in_store>1</show_in_store>
                        </categories_urls>
                        <sorter translate="label">
                            <label>Default Posts Sorting</label>
                            <frontend_type>select</frontend_type>
                            <source_model>blog/sorter</source_model>
                            <sort_order>60</sort_order>
                            <show_in_default>1</show_in_default>
                            <show_in_website>1</show_in_website>
                            <show_in_store>1</show_in_store>
                        </sorter>
                    </fields>
                </blog>
                <rss translate="label">
                    <label>RSS Feed</label>
                    <frontend_type>text</frontend_type>
                    <sort_order>60</sort_order>
                    <show_in_default>1</show_in_default>
                    <show_in_website>1</show_in_website>
                    <show_in_store>1</show_in_store>
                    <fields>
                        <enable translate="label">
                            <label>Enable Blog RSS Feed</label>
                            <frontend_type>select</frontend_type>
                            <source_model>adminhtml/system_config_source_yesno</source_model>
                            <sort_order>38</sort_order>
                            <show_in_default>1</show_in_default>
                            <show_in_website>1</show_in_website>
                            <show_in_store>1</show_in_store>
                        </enable>
                        <image translate="label">
                            <label>RSS Feed Image</label>
                            <comment>Relative to current skin directory eg. images/rsslogo.jpg</comment>
                            <frontend_type>text</frontend_type>
                            <sort_order>40</sort_order>
                            <show_in_default>1</show_in_default>
                            <show_in_website>1</show_in_website>
                            <show_in_store>1</show_in_store>
                        </image>
                        <posts translate="label">
                            <label>RSS Posts to Show</label>
                            <comment>Number of post to display in the RSS feed.</comment>
                            <frontend_type>text</frontend_type>
                            <sort_order>42</sort_order>
                            <show_in_default>1</show_in_default>
                            <show_in_website>1</show_in_website>
                            <show_in_store>1</show_in_store>
                        </posts>
                    </fields>
                </rss>
                <comments translate="label">
                    <label>Comments</label>
                    <frontend_type>text</frontend_type>
                    <sort_order>40</sort_order>
                    <show_in_default>1</show_in_default>
                    <show_in_website>1</show_in_website>
                    <show_in_store>1</show_in_store>
                    <fields>
                        <enabled translate="label">
                            <label>Enable Comments</label>
                            <frontend_type>select</frontend_type>
                            <source_model>adminhtml/system_config_source_yesno</source_model>
                            <sort_order>24</sort_order>
                            <show_in_default>1</show_in_default>
                            <show_in_website>1</show_in_website>
                            <show_in_store>1</show_in_store>
                        </enabled>
                        <login translate="label">
                            <label>Login Required to Comment</label>
                            <frontend_type>select</frontend_type>
                            <source_model>adminhtml/system_config_source_yesno</source_model>
                            <sort_order>25</sort_order>
                            <show_in_default>1</show_in_default>
                            <show_in_website>1</show_in_website>
                            <show_in_store>1</show_in_store>
                        </login>
                        <approval translate="label">
                            <label>Auto Approve Comments</label>
                            <comment>All comments will appear immediately without the need for approval by admin.</comment>
                            <frontend_type>select</frontend_type>
                            <source_model>adminhtml/system_config_source_yesno</source_model>
                            <sort_order>26</sort_order>
                            <show_in_default>1</show_in_default>
                            <show_in_website>1</show_in_website>
                            <show_in_store>1</show_in_store>
                        </approval>
                        <loginauto translate="label">
                            <label>Logged in Auto Approve Comments</label>
                            <comment>Only comments made by users that are logged in will automaticlly be approved.</comment>                            
                            <frontend_type>select</frontend_type>
                            <source_model>adminhtml/system_config_source_yesno</source_model>
                            <sort_order>30</sort_order>
                            <show_in_default>1</show_in_default>
                            <show_in_website>1</show_in_website>
                            <show_in_store>1</show_in_store>
                        </loginauto>
                        <recipient_email translate="label">
                            <label>Send Emails To</label>
                            <frontend_type>text</frontend_type>
                            <sort_order>40</sort_order>
                            <show_in_default>1</show_in_default>
                            <show_in_website>1</show_in_website>
                            <show_in_store>1</show_in_store>
                        </recipient_email>
                        <sender_email_identity translate="label">
                            <label>Email Sender</label>
                            <frontend_type>select</frontend_type>
                            <source_model>adminhtml/system_config_source_email_identity</source_model>
                            <sort_order>50</sort_order>
                            <show_in_default>1</show_in_default>
                            <show_in_website>1</show_in_website>
                            <show_in_store>1</show_in_store>
                        </sender_email_identity>
                        <email_template translate="label">
                            <label>Email Template</label>
                            <frontend_type>select</frontend_type>
                            <source_model>adminhtml/system_config_source_email_template</source_model>
                            <sort_order>60</sort_order>
                            <show_in_default>1</show_in_default>
                            <show_in_website>1</show_in_website>
                            <show_in_store>1</show_in_store>
                        </email_template>
                        <page_count>
                            <label>Comments per page</label>
                            <frontend_type>text</frontend_type>
                            <comment>Comma-separated</comment>
                            <sort_order>70</sort_order>
                            <show_in_default>1</show_in_default>
                            <show_in_website>1</show_in_website>
                            <show_in_store>1</show_in_store>
                        </page_count>
                    </fields>
                </comments>
                <recaptcha translate="label">
                    <label>ReCAPTCHA</label>
                    <frontend_type>text</frontend_type>
                    <sort_order>50</sort_order>
                    <show_in_default>1</show_in_default>
                    <show_in_website>1</show_in_website>
                    <show_in_store>1</show_in_store>
                    <fields>
                        <enabled translate="label">
                            <label>Enable ReCAPTCHA</label>
                            <comment><![CDATA[Go to <a href="http://www.google.com/recaptcha/whyrecaptcha">http://www.google.com/recaptcha/whyrecaptcha</a> to get keys]]></comment>
                            <frontend_type>select</frontend_type>
                            <source_model>adminhtml/system_config_source_yesno</source_model>
                            <sort_order>70</sort_order>
                            <show_in_default>1</show_in_default>
                            <show_in_website>1</show_in_website>
                            <show_in_store>1</show_in_store>
                        </enabled>
                        <publickey translate="label">
                            <label>ReCAPTCHA Public Key</label>
                            <frontend_type>text</frontend_type>
                            <sort_order>80</sort_order>
                            <show_in_default>1</show_in_default>
                            <show_in_website>1</show_in_website>
                            <show_in_store>1</show_in_store>
                        </publickey>
                        <privatekey translate="label">
                            <label>ReCAPTCHA Private Key</label>
                            <frontend_type>text</frontend_type>
                            <sort_order>90</sort_order>
                            <show_in_default>1</show_in_default>
                            <show_in_website>1</show_in_website>
                            <show_in_store>1</show_in_store>
                        </privatekey>
                    </fields>
                </recaptcha>
                <menu translate="label">
                    <label>Menus and Links</label>
                    <frontend_type>text</frontend_type>
                    <sort_order>30</sort_order>
                    <show_in_default>1</show_in_default>
                    <show_in_website>1</show_in_website>
                    <show_in_store>1</show_in_store>
                    <fields>
                        <left translate="label">
                            <label>Enable Left Menu</label>
                            <frontend_type>select</frontend_type>
                            <source_model>blog/system_config_source_columns</source_model>
                            <sort_order>12</sort_order>
                            <show_in_default>1</show_in_default>
                            <show_in_website>1</show_in_website>
                            <show_in_store>1</show_in_store>
                        </left>
                        <right translate="label">
                            <label>Enable Right Menu</label>
                            <frontend_type>select</frontend_type>
                            <source_model>blog/system_config_source_columns</source_model>
                            <sort_order>14</sort_order>
                            <show_in_default>1</show_in_default>
                            <show_in_website>1</show_in_website>
                            <show_in_store>1</show_in_store>
                        </right>
                        <footer translate="label">
                            <label>Enable Footer Link</label>
                            <frontend_type>select</frontend_type>
                            <source_model>adminhtml/system_config_source_yesno</source_model>
                            <sort_order>16</sort_order>
                            <show_in_default>1</show_in_default>
                            <show_in_website>1</show_in_website>
                            <show_in_store>1</show_in_store>
                        </footer>
                        <top translate="label">
                            <label>Enable Top Link</label>
                            <frontend_type>select</frontend_type>
                            <source_model>adminhtml/system_config_source_yesno</source_model>
                            <sort_order>18</sort_order>
                            <show_in_default>1</show_in_default>
                            <show_in_website>1</show_in_website>
                            <show_in_store>1</show_in_store>
                        </top>
                        
                        <category translate="label">
                            <label>Enable Categories menu</label>
                            <frontend_type>select</frontend_type>
                            <source_model>adminhtml/system_config_source_yesno</source_model>
                            <sort_order>21</sort_order>
                            <show_in_default>1</show_in_default>
                            <show_in_website>1</show_in_website>
                            <show_in_store>1</show_in_store>
                        </category>                     
                        
                        <tagcloud_size>
                            <label>Tags to display</label>
                            <comment>The number of tags to display in tag cloud. 0 Will disable tag cloud</comment>
                            <frontend_type>text</frontend_type>
                            <sort_order>29</sort_order>
                            <show_in_default>1</show_in_default>
                            <show_in_website>1</show_in_website>
                            <show_in_store>1</show_in_store>                        
                        </tagcloud_size>
                        
                        <recent translate="label">
                            <label>Recent Posts</label>
                            <comment>The number of recent post to be displayed in the menu. 0 to disable.</comment>
                            <frontend_type>text</frontend_type>
                            <sort_order>20</sort_order>
                            <show_in_default>1</show_in_default>
                            <show_in_website>1</show_in_website>
                            <show_in_store>1</show_in_store>
                        </recent>
                    </fields>
                </menu>
            </groups>
        </blog>
        <sitemap translate="label" module="sitemap">
            <label>Google Sitemap</label>
            <tab>catalog</tab>
            <frontend_type>text</frontend_type>
            <sort_order>70</sort_order>
            <show_in_default>1</show_in_default>
            <show_in_website>1</show_in_website>
            <show_in_store>1</show_in_store>
            <groups>
                <blog translate="label">
                    <label>Blog Post Options</label>
                    <frontend_type>text</frontend_type>
                    <sort_order>4</sort_order>
                    <show_in_default>1</show_in_default>
                    <show_in_website>1</show_in_website>
                    <show_in_store>1</show_in_store>
                    <fields>
                        <changefreq translate="label">
                            <label>Frequency</label>
                            <frontend_type>select</frontend_type>
                            <source_model>adminhtml/system_config_source_frequency</source_model>
                            <sort_order>1</sort_order>
                            <show_in_default>1</show_in_default>
                            <show_in_website>1</show_in_website>
                            <show_in_store>1</show_in_store>
                        </changefreq>
                        <priority translate="label">
                            <label>Priority</label>
                            <frontend_type>text</frontend_type>
                            <backend_model>adminhtml/system_config_backend_sitemap</backend_model>
                            <sort_order>2</sort_order>
                            <show_in_default>1</show_in_default>
                            <show_in_website>1</show_in_website>
                            <show_in_store>1</show_in_store>
                            <comment>Valid values range from 0.0 to 1.0</comment>
                        </priority>
                    </fields>
                </blog>
            </groups>
        </sitemap>
    </sections>
</config>
