<?xml version="1.0"?>
<package>
    <name>Interface_Install_Default</name>
    <version>1.8.0.0</version>
    <stability>stable</stability>
    <license uri="http://opensource.org/licenses/afl-3.0.php">AFL v3.0</license>
    <channel>community</channel>
    <extends/>
    <summary>Default interface for Install</summary>
    <description>Default interface for Install</description>
    <notes>1.8.0.0</notes>
    <authors><author><name>Magento Core Team</name><user>core</user><email>core@magentocommerce.com</email></author></authors>
    <date>2013-09-23</date>
    <time>18:30:58</time>
    <contents><target name="magedesign"><dir name="install"><dir name="default"><dir name="default"><dir name="layout"><file name="main.xml" hash="709bd700577b0bd646aa413c72afd476"/></dir><dir name="template"><dir name="install"><file name="begin.phtml" hash="1b8e5b66b7487dcd19bf1d1bb27844d5"/><file name="config.phtml" hash="a3f069c7e6b939eb3fbb26d623eb64eb"/><file name="create_admin.phtml" hash="b82609defcf9a322fdbd71b1b9e6ef33"/><dir name="db"><file name="main.phtml" hash="05680c8312a77e03fb109d79d07b4751"/><file name="mysql4.phtml" hash="0b06033c470f3974e56f3a8d1921cb88"/></dir><file name="download.phtml" hash="ba317ec3e9b6e8b56ac31eec74553f24"/><file name="end.phtml" hash="61f541f047c523f41678d713267d95b5"/><file name="locale.phtml" hash="046287c2bfa2f8483a071dd903e977aa"/><file name="state.phtml" hash="33f3a4af91df1ab0d9433172258c0952"/></dir><file name="page.phtml" hash="7c8e9baebb67a5c7a4a6041a1fd3cbb1"/></dir></dir></dir></dir></target><target name="mageskin"><dir name="install"><dir name="default"><dir name="default"><dir name="css"><file name="boxes.css" hash="31da7dcdca502c3fca21cbddc160f581"/><file name="clears.css" hash="4018383aa0ccf4a455b30714905d53a5"/><file name="ie7minus.css" hash="b973a69ca4e691f21ee58b258f5bf12c"/><file name="iestyles.css" hash="7fd4d1acd42b155b7b7ae10272b235d6"/><file name="reset.css" hash="e9397eec4802597f92bf50ccd982f840"/></dir><file name="favicon.ico" hash="88733ee53676a47fc354a61c32516e82"/><dir name="images"><file name="error_msg_icon.gif" hash="e4f28607f075a105e53fa3113d84bd26"/><file name="footer_bg.gif" hash="d59784af16fd95ea82226e5708a89232"/><file name="footer_container_bg.gif" hash="d468e3943943cbbf711586e69d40ca42"/><file name="footer_informational_bg.gif" hash="72d37f4b2ea747bf8969c2654ad1d1e0"/><file name="footer_info_separator.gif" hash="7da64eefaf4da3855ab6ee76dbced0c2"/><file name="footer_left.gif" hash="2b15a54bea9409a75c142d14a62f0149"/><file name="footer_legality_bg.gif" hash="4eb1602e3369dccd901ffe98ea0fd4b3"/><file name="footer_right.gif" hash="a45eaf35c8797d299bd4d9b936528e8f"/><file name="header_bg.gif" hash="795c6de754d0d49717ed08d5cd8168c8"/><file name="header_nav_bg.gif" hash="80c6a18686eb0243e06d6176506a2502"/><file name="header_top_bg.jpg" hash="143f524392ee62fcc8183f5930d7258b"/><file name="header_top_container_bg.jpg" hash="294c18f3f6b838bba06ae41dd3c3d638"/><file name="i_notice.gif" hash="ebd56dc80b8346e10e93628bc0e6c372"/><file name="logo.gif" hash="48b7eb03807fdf80bdfb19b872cf84b8"/><file name="main_bg.gif" hash="cf18ba9f7c7e6b058b439cde1a897e9c"/><file name="main_container_bg.gif" hash="a8f5717873dc6cf8f6bd22924b5838fe"/><file name="note_msg_icon.gif" hash="e774ee481a2820789c1a77112377c4e0"/><file name="success_msg_icon.gif" hash="834dfafd5f8b44c4b24a4c00add56fcf"/><file name="validation_advice_bg.gif" hash="b85432906de8985a8b14eeb2dc652d3c"/></dir></dir></dir></dir></target></contents>
    <compatible/>
    <dependencies><required><php><min>5.2.0</min><max>6.0.0</max></php><package><name>Mage_Core_Modules</name><channel>community</channel><min>1.8.0.0</min><max>1.9.0.0</max></package></required></dependencies>
</package>
