<?xml version="1.0"?>
<package>
    <name>Interface_Frontend_Base_Default</name>
    <version>1.8.0.0</version>
    <stability>stable</stability>
    <license uri="http://opensource.org/licenses/afl-3.0.php">AFL v3.0</license>
    <channel>community</channel>
    <extends/>
    <summary>This is a Magento themes base</summary>
    <description>This is a Magento themes base</description>
    <notes>1.8.0.0</notes>
    <authors><author><name>Magento Core Team</name><user>core</user><email>core@magentocommerce.com</email></author></authors>
    <date>2013-09-23</date>
    <time>18:30:56</time>
    <contents><target name="magedesign"><dir name="frontend"><dir name="base"><dir name="default"><dir name="etc"><file name="widget.xml" hash="7841e91642c07d049f6031c0a8b29968"/></dir><dir name="layout"><file name="authorizenet.xml" hash="ff4ae194cd550829d615f6626dfcacb3"/><file name="bundle.xml" hash="0990d5fb3da9521028ea1d507ac11ca7"/><file name="captcha.xml" hash="dbfae489e384e5f4509f91e7ce81be75"/><file name="cataloginventory.xml" hash="6cb9b9a4c99681b769e1ff439b55a0ce"/><file name="catalog_msrp.xml" hash="add0145199068eb0c16b3e03e7936b95"/><file name="catalogsearch.xml" hash="bd12d18c200b51e4f7fb4966fc467f38"/><file name="catalog.xml" hash="c12a09da3508982c50132a3fa6891739"/><file name="checkout.xml" hash="fe3715bb895566376aaf61c318fa848f"/><file name="cms.xml" hash="48e50d6294f859fa528278a7899d8c30"/><file name="contacts.xml" hash="c7c81f13d7deba797ede47e730278649"/><file name="core.xml" hash="b39a8c4b82a5a1fb34830e2763516efc"/><file name="customer.xml" hash="5bdf1625ffcdadf4d4f62600a566a15d"/><file name="directory.xml" hash="d30e05f8e4fe1eb024db1dbdcdd32414"/><file name="downloadable.xml" hash="41b9c74a3e787f07536e7ae24e5c8e80"/><file name="googleanalytics.xml" hash="7a34c27c3a4ec5f65aafe317d4e82f9a"/><file name="googlecheckout.xml" hash="fa4577aecbe0f36bce87e06bc652a062"/><file name="newsletter.xml" hash="c0043b6a9f5e6effe8ad9791c1d1c28a"/><file name="oauth.xml" hash="bfaded1209520e85687e4855114be425"/><file name="pagecache.xml" hash="ffa2ab2f6d87db688402cbefaf0bef19"/><file name="page.xml" hash="51344a8115e9c9b892e65be9a5de9b94"/><file name="payment.xml" hash="2d90077e1b2f846063a89c8aeb4d5fdb"/><file name="paypaluk.xml" hash="3fe895d16b62ad96476798a2e6077aab"/><file name="paypal.xml" hash="9aacf061f6056c66dcdb579a82660113"/><file name="persistent.xml" hash="55e430a56de4a4e62f94f045c4673bdc"/><file name="poll.xml" hash="ed6f016af222db0db3b17117977e87ac"/><file name="productalert.xml" hash="c83056d65e32214d23ae3b849ce849a4"/><file name="reports.xml" hash="0ed016155a3cf6bd366d482d92f41249"/><file name="review.xml" hash="435119eb74e4928c099e4b48ebfccf8a"/><file name="rss.xml" hash="16c16c677087920d3698e4e60b44b2b9"/><dir name="sales"><file name="billing_agreement.xml" hash="d510d75db1ce7fc999462e50be600497"/><file name="recurring_profile.xml" hash="052592ffb00251a440307c4e5a140ff7"/></dir><file name="sales.xml" hash="98042160869202debcf88e2b2c281b56"/><file name="sendfriend.xml" hash="12b612b48cda35223e36595179aefac1"/><file name="shipping.xml" hash="a2f266abff8dca19d01dc2d00e383a79"/><file name="tag.xml" hash="ffc5a935cb0713614fdfc9efc395fcfc"/><file name="weee.xml" hash="a4fc63dc72939c5180d288994d8da72b"/><file name="wishlist.xml" hash="cbbf15f8511ff6942be5a9a08225d787"/></dir><dir name="template"><dir name="authorizenet"><dir name="directpost"><file name="form.phtml" hash="4d3c5051c0d2c3c3c88dc516946947cd"/><file name="iframe.phtml" hash="6a628174882ee3db2bea73d72be15a2b"/><file name="info.phtml" hash="80267017d18a69690ffa2012bf16ea60"/></dir></dir><dir name="bundle"><dir name="catalog"><dir name="product"><dir name="list"><file name="partof.phtml" hash="ccce44c73d5841fb4a220166e1a53776"/></dir><file name="price.phtml" hash="7a300519728802570c4918c7846f6bd6"/><dir name="view"><dir name="options"><file name="notice.phtml" hash="cac90dc8b9a94c42d710e5bbc8e39f61"/></dir><file name="price.phtml" hash="e19a7489377de3fe934f2ad8a8b4e40f"/><file name="tierprices.phtml" hash="156c0fb91c4293e798145896ba7954c8"/><dir name="type"><dir name="bundle"><dir name="option"><file name="checkbox.phtml" hash="60f522edfadba0412a2abdd7090e6da2"/><file name="multi.phtml" hash="84f0a9c4ce3bfa7b3196921e0e67e83b"/><file name="radio.phtml" hash="a7708d52e39e6e2361c0d868b50ac247"/><file name="select.phtml" hash="376be44e6e793aeae1104543e9eda969"/></dir><file name="options.phtml" hash="d015eefd779fa786b934c3c630c805fc"/></dir><file name="bundle.phtml" hash="bef57a41d87a39442be57a7c8b219b8c"/></dir></dir></dir></dir><dir name="email"><dir name="order"><dir name="items"><dir name="creditmemo"><file name="default.phtml" hash="459ee036059c16dd5c3af203d07b1264"/></dir><dir name="invoice"><file name="default.phtml" hash="a680f24fa94bfdad117e4aa350ec71ff"/></dir><dir name="order"><file name="default.phtml" hash="68613900f0e092ee5506d03c70b6f144"/></dir><dir name="shipment"><file name="default.phtml" hash="05585c1ccbee57dab08a358d31906c68"/></dir></dir></dir></dir><dir name="rss"><dir name="catalog"><dir name="product"><file name="price.phtml" hash="d9d4b6e1d4268459bb9112a4c2fd9e30"/></dir></dir></dir><dir name="sales"><dir name="order"><dir name="creditmemo"><dir name="items"><file name="renderer.phtml" hash="82137b4b7e19b3c8166703a9a9fcf44b"/></dir></dir><dir name="invoice"><dir name="items"><file name="renderer.phtml" hash="d35a83c2899d417c8837657ef9bd87e8"/></dir></dir><dir name="items"><file name="renderer.phtml" hash="113506ee795061805ef490b747927230"/></dir><dir name="shipment"><dir name="items"><file name="renderer.phtml" hash="6307c71651e7a91d3e6dfdfd64c25079"/></dir></dir></dir></dir></dir><dir name="callouts"><file name="left_col.phtml" hash="2e560ea0fdde22566d59179b7b15b8e6"/><file name="right_col.phtml" hash="2e560ea0fdde22566d59179b7b15b8e6"/></dir><dir name="captcha"><file name="zend.phtml" hash="5480e8c35dd6124195fc71d85e86e2d9"/></dir><dir name="catalog"><dir name="category"><file name="page.phtml" hash="514593d873876e3225a4b1ae3643abff"/><file name="view.phtml" hash="a07e819e74bbe444a6f1131dc3ccd142"/><dir name="widget"><dir name="link"><file name="link_block.phtml" hash="e5ebf3a71e72ad751a5415d75e89ece4"/><file name="link_inline.phtml" hash="16609d7a742e10e72da22449f92054bf"/></dir></dir></dir><dir name="layer"><file name="filter.phtml" hash="eac743dbcd2d881c42b6f18ec704eae9"/><file name="state.phtml" hash="ed374b6ffb814b13e2eba6ef02e99efc"/><file name="view.phtml" hash="561f244e27b6f6017d1d5bc365242b27"/></dir><dir name="msrp"><file name="popup.phtml" hash="c08375903f3f11f2af8f3a5a007f0c92"/></dir><dir name="navigation"><file name="left.phtml" hash="39bedcb075360fdc2a399535a6e792ae"/><file name="top.phtml" hash="72623b9b9c6b58a7df91284862be17ff"/></dir><dir name="product"><dir name="compare"><file name="list.phtml" hash="19383cc23c8f6c9fe556cceebfc34c07"/><file name="sidebar.phtml" hash="2e6a4a82e082d235a9329959381c4414"/></dir><file name="gallery.phtml" hash="f1f89fa5e982cddbd506e80630a57d99"/><dir name="list"><file name="related.phtml" hash="9e1dfd894fa6f0ce6a88c4e0ef79e2a2"/><file name="toolbar.phtml" hash="197911bc8235bc39f5b5c87882724ecd"/><file name="upsell.phtml" hash="8dd3aab7ebd869c8d4f40099f4716506"/></dir><file name="list.phtml" hash="7d7da624243ec149c96a41df9132bdce"/><file name="new.phtml" hash="f2c93ef5f556ba94229eed83f58abb57"/><file name="price_msrp_item.phtml" hash="6bbc7f3e3c3b73e009bc0ab8838d3d40"/><file name="price_msrp_noform.phtml" hash="1692b20a230588ca548f1459c285cc74"/><file name="price_msrp.phtml" hash="283e07fdb0701feb006bc02edd3f23a9"/><file name="price_msrp_rss.phtml" hash="6ee30cbc86da3aeea4187810da10a9e9"/><file name="price.phtml" hash="111aedf46fee15d709028a3d0d47672e"/><dir name="view"><file name="additional.phtml" hash="5d113b63135e535c5b6fe5695dc94ded"/><file name="addtocart.phtml" hash="d8b6b397a4a04c3266c0c82391aa4acb"/><file name="addto.phtml" hash="a430465fcac701cb788916da08c52b90"/><file name="attributes.phtml" hash="c184b99a88f08fa50704c399a37fcfbc"/><file name="description.phtml" hash="4e920e324b0a0d366127a3ad99e2328d"/><file name="media.phtml" hash="1be8f4ea6e54f9a97e220f28931c4f50"/><dir name="options"><file name="js.phtml" hash="160fcd9f5eade825dfa8f4121aac9778"/><dir name="type"><file name="date.phtml" hash="78a303ab99f3361028053bf0b977b976"/><file name="default.phtml" hash="4c599ba00a9e7ab0e39768f0c49d52c3"/><file name="file.phtml" hash="3a7fe05c434ec81f68229ba5365095cc"/><file name="select.phtml" hash="4385f417292667d74616d113de034d4c"/><file name="text.phtml" hash="c041996450010583ae8759480f87d317"/></dir><dir name="wrapper"><file name="bottom.phtml" hash="85655fc307d163ec6bffc07bef7f8924"/></dir><file name="wrapper.phtml" hash="a797d8924b27b63652255a8331bf8d44"/></dir><file name="options.phtml" hash="81a5b17ed13aabbca729c61b3f9b9111"/><file name="price_clone.phtml" hash="24e53a27dc39aa31afd2cdac7ab1656d"/><file name="price.phtml" hash="a6ab4e3bff155c7f2424568f60be1b89"/><file name="tierprices.phtml" hash="9eab82fafca8880c619276489bf99649"/><dir name="type"><file name="configurable.phtml" hash="e67c05bee0fa75df518c39929aa10187"/><file name="default.phtml" hash="cfab2e65accf5808fe352b52a00840de"/><file name="grouped.phtml" hash="a2cf1b972121dbee6a6159e0d13c180e"/><dir name="options"><file name="configurable.phtml" hash="08236b6638dc11992ab8da5385977271"/></dir><file name="simple.phtml" hash="e67c05bee0fa75df518c39929aa10187"/><file name="virtual.phtml" hash="e67c05bee0fa75df518c39929aa10187"/></dir></dir><file name="view.phtml" hash="de4d79d9f647634e02496a23f3ee7fbb"/><dir name="widget"><dir name="link"><file name="link_block.phtml" hash="a6506809feaf1777e007864fc62ce26f"/><file name="link_inline.phtml" hash="351d332bd78df5f47bf6b66cb89a8297"/></dir><dir name="new"><dir name="column"><file name="new_default_list.phtml" hash="f908f845e582dea293d4526ef729e396"/><file name="new_images_list.phtml" hash="3f263b467a58c306286e32332fbaab43"/><file name="new_names_list.phtml" hash="b09275eec939d91f6d20397c9d184691"/></dir><dir name="content"><file name="new_grid.phtml" hash="41602b4011288669a196e5c35309251c"/><file name="new_list.phtml" hash="6073d9562d08044588c8406a81890a39"/></dir></dir></dir></dir><dir name="rss"><dir name="product"><file name="price.phtml" hash="1a1c258cb9a2561df2531a9a6d13d19f"/></dir></dir><dir name="seo"><dir name="sitemap"><file name="container.phtml" hash="9e809f0c7520508e73f22058ea127b3f"/></dir><file name="sitemap.phtml" hash="7e26f673c65ea756b09d7d2797bbaff9"/><file name="tree.phtml" hash="413ef1fa8c5e9943b1a44dd23ab9d69d"/></dir></dir><dir name="cataloginventory"><file name="qtyincrements.phtml" hash="3b48f42619900ad7b7cbf191d55f0ee1"/><dir name="stockqty"><file name="composite.phtml" hash="825737ef425d3911dd663e8586b4f68c"/><file name="default.phtml" hash="c4646015a5d2203ce5bf422c1fc31485"/></dir></dir><dir name="catalogsearch"><dir name="advanced"><file name="form.phtml" hash="d2f471111db7270891466b47ebef1ff7"/><file name="result.phtml" hash="5513b4ad4914f2b06c13983975e70faa"/></dir><file name="form.mini.phtml" hash="c6139cd74a134cb0d4364a4b0b53708f"/><file name="result.phtml" hash="fde05cf4fe8e540c5437820ec5edbbcf"/><file name="term.phtml" hash="32bf5a3d5960180b1c1603da350afa12"/></dir><dir name="checkout"><dir name="cart"><file name="coupon.phtml" hash="8a3f239d1f8afa5dfa3d45a1ca28baae"/><file name="crosssell.phtml" hash="186f8405ec7a86f7e48bfcb01adf7b2e"/><dir name="item"><dir name="configure"><file name="updatecart.phtml" hash="0fc6cc809c88704da74a915cf7e20918"/></dir><file name="default.phtml" hash="ef843033ce7057091a5eca85723f40be"/></dir><file name="noItems.phtml" hash="001f7d25b1c9468f532a13940fc8c7bb"/><dir name="render"><file name="default.phtml" hash="f5b6d21f8a80455daab898ea0f3f7c97"/><file name="simple.phtml" hash="15fb630f32aadbd48a892e8d90af3073"/></dir><file name="shipping.phtml" hash="6b774a841fc54c29a1f5d3a2af6a0944"/><dir name="sidebar"><file name="default.phtml" hash="b508e1e2007554fdd72570e9b1efbc92"/></dir><file name="sidebar.phtml" hash="8344c09dde70abe4e3b9c8861a1bb741"/><file name="totals.phtml" hash="5b69442fec9380e0e6d2afc6f95fd04a"/></dir><file name="cart.phtml" hash="34d41f366e05314baf7cbee9a37ad6bd"/><dir name="multishipping"><dir name="address"><file name="select.phtml" hash="5298b1c3f448f03685fb8bd0df88d97b"/></dir><file name="addresses.phtml" hash="234be7957d9cdf739c06c714ba04c372"/><file name="agreements.phtml" hash="ff0beb153b284b2e3c58b4370a4b8401"/><dir name="billing"><file name="items.phtml" hash="cabfbfb5d33255a4750ccc3d55c358d6"/></dir><file name="billing.phtml" hash="281597e3e36ba83a13cdb4fb6bdbc3f8"/><dir name="item"><file name="default.phtml" hash="0ff34fc5d79d1bbe12fcf297b8280f08"/></dir><file name="link.phtml" hash="70249f4132c971ec5888690ffd092403"/><dir name="overview"><file name="item.phtml" hash="e83def5645dc64adef382b849c8fbdbb"/></dir><file name="overview.phtml" hash="bcdab97360c0938600c5a08249d81d17"/><file name="shipping.phtml" hash="568b9a00ba97c7db001cd894bae675a1"/><file name="state.phtml" hash="070912c23e8ff11f007e22306217f6d5"/><file name="success.phtml" hash="ae7f8dda179230945ace59db76f8b017"/></dir><dir name="onepage"><file name="agreements.phtml" hash="a8f762dd61914b2d9eab9fe9ada1945a"/><file name="billing.phtml" hash="3627f62972b124c21cbb08fd67458552"/><file name="failure.phtml" hash="0b95128399f2521bf12837aceaa31836"/><file name="link.phtml" hash="323dcf7f1acb91a186595b618592be86"/><file name="login.phtml" hash="ea2fbe290afcefdc0077ac42835899e7"/><dir name="payment"><file name="info.phtml" hash="e3d23f5d3e0b135ca38ec7ab5b41f851"/><file name="methods.phtml" hash="b88d2e4a2f375b5fb4a3983539b2e81e"/></dir><file name="payment.phtml" hash="0f2094bb3da954aa9405c1af7b66ae2a"/><dir name="progress"><file name="billing.phtml" hash="e0c20674a6831364b055424dac493acb"/><file name="payment.phtml" hash="2c5af1d7ea230faa3963781f85e9f610"/><file name="shipping_method.phtml" hash="1fbb3446280be2b2ce831e6b0b26fd80"/><file name="shipping.phtml" hash="b26f2b46e5c12cda8de4ecb37f98c355"/></dir><file name="progress.phtml" hash="3eab47ed120f6efd05f85294da825544"/><dir name="review"><file name="button.phtml" hash="d7a54917e7d0ceec6875760a3910452f"/><file name="info.phtml" hash="60c527a672dc8ed0afbe180c1105f65b"/><file name="item.phtml" hash="4ff6deeabbe76339f9914075e49cf798"/><file name="totals.phtml" hash="0acb66397e2d390de49dbdfca15d9804"/></dir><file name="review.phtml" hash="5ffdd3cc23815519462e3dcb1fc6b81a"/><dir name="shipping_method"><file name="additional.phtml" hash="7f8751c51089c14316694e2aa6c5357d"/><file name="available.phtml" hash="779142c301923119db60c08ad90d4e06"/></dir><file name="shipping_method.phtml" hash="ca5074b35e9a6167298a4a4433ecf98b"/><file name="shipping.phtml" hash="0dd2ceb18da2763395701c6379cb9a77"/></dir><file name="onepage.phtml" hash="b9c5a5a822652a0890be7e3e4f05d6b1"/><file name="success.phtml" hash="2e15bd609848f9da5edcece36b75ee45"/><dir name="total"><file name="default.phtml" hash="0ee253b9c15115a9db2cf53a67eeadf2"/><file name="nominal.phtml" hash="d377962c59bffbf7d21ced50f23c6d16"/><file name="tax.phtml" hash="df7b9274149d74ff7d6cc7fa356be35c"/></dir></dir><dir name="cms"><file name="content_heading.phtml" hash="a2b29b501b3a02f95bd98ad43bc53b42"/><file name="content.phtml" hash="1b278f7d9d4d4b2c4ba8294521a260a3"/><dir name="default"><file name="home.phtml" hash="4644ecd59a71f6233fddd4192acd9353"/><file name="no-route.phtml" hash="f168035d93340896f94b242c1f194dfe"/></dir><file name="meta.phtml" hash="5190e68694de60ffe0c2a01085dec99e"/><dir name="widget"><dir name="link"><file name="link_block.phtml" hash="0d724d6e82b951b747ba6a871086f8fc"/><file name="link_inline.phtml" hash="37afb408b4a92d42f202dee6d9eb9fac"/></dir><dir name="static_block"><file name="default.phtml" hash="57690772a8cf7edad4ae7cc23ba8c2cc"/></dir></dir></dir><dir name="contacts"><file name="form.phtml" hash="e6466daa2d07ccb502ec163cf44ec2aa"/></dir><dir name="core"><file name="formkey.phtml" hash="eaa615a1b1e1095f104d4399d5c3c137"/><file name="link.phtml" hash="4bea6e43805d53027ee3a7528bb589a7"/><file name="messages.phtml" hash="da5cb19c11803db955f7b67d7b15eabc"/></dir><dir name="customer"><dir name="account"><dir name="dashboard"><file name="address.phtml" hash="0224cfb6bc389cae9d8e755d5ae91f81"/><file name="hello.phtml" hash="51393d123a78e7f6461aa0b4b3ee3691"/><file name="info.phtml" hash="27a57f2b321f63889c81aa0d75fabeb2"/><file name="newsletter.phtml" hash="689e47eeceff34400dd816449483a52e"/></dir><file name="dashboard.phtml" hash="07ce59e897cbadbab75d2cb5e69ee783"/><dir name="link"><file name="back.phtml" hash="966e18d09225d5ff1ee88139a0099455"/></dir><file name="navigation.phtml" hash="4fef6b277463f6cf1423b78016ff254a"/></dir><dir name="address"><file name="book.phtml" hash="f543dfa554dc389d8e0d9afce4574548"/><file name="edit.phtml" hash="4b853cf6b29231eb6add1a36ac73ffd8"/></dir><file name="address.phtml" hash="5e50f7e47656d3444c7e9069e4a1b902"/><file name="balance.phtml" hash="53aef61ff7baee49d1fb98861d424f33"/><dir name="form"><file name="address.phtml" hash="c284983647ff88bc457520c4acd5eb73"/><file name="changepassword.phtml" hash="29c707818823865b8bda3650ca5db11d"/><file name="confirmation.phtml" hash="2f1ce837f117b92cdec1b6d5cc48bb7f"/><file name="edit.phtml" hash="be4c7e278e89c04da9644386fa28696d"/><file name="forgotpassword.phtml" hash="4bda59c98f4e4e15b5a0e50b000800b1"/><file name="login.phtml" hash="57674faaf7006e1394e6f93bcc725519"/><file name="mini.login.phtml" hash="4c8bd38cd60f0de82f9e7c3450daac96"/><file name="newsletter.phtml" hash="33fd42a293e1f5e77d6d2cb2fb28b43d"/><file name="register.phtml" hash="2c5c3f29fb871006e0e54d14848bb3bd"/><file name="resetforgottenpassword.phtml" hash="462bf691601ec16fdda473db7a1ec1cd"/></dir><file name="logout.phtml" hash="4229e8c56b3abc016508579fa7a52c58"/><file name="orders.phtml" hash="13dec0788ff69f76f4a22bb42cff9004"/><dir name="widget"><file name="dob.phtml" hash="06d96d0861b9d6108a1a9f9a3a170fe6"/><file name="gender.phtml" hash="0e9a12d1cbe0a95c3539eb44395a62a1"/><file name="name.phtml" hash="f131bfd60b490899b025fe57663fe69c"/><file name="taxvat.phtml" hash="3bdbc005510b72cdd019624c971fa856"/></dir><file name="wishlist.phtml" hash="fdc628e68f98fb9fe09239c4d02eab31"/></dir><dir name="directory"><dir name="currency"><file name="switch.phtml" hash="6972ec9db0f291af6152876b0569e96a"/></dir><file name="currency.phtml" hash="e09f79b1fe19a3b0cc7bb1f93cd9df78"/><dir name="js"><file name="optional_zip_countries.phtml" hash="8298aa27f9789c72889abe31e89a0486"/></dir></dir><dir name="downloadable"><dir name="catalog"><dir name="product"><file name="links.phtml" hash="3c8cdd1ef8ea1e180de3c312545c61c5"/><file name="samples.phtml" hash="10a878cae989863fc18dab5d03a0cc94"/><file name="type.phtml" hash="e9cfafc367a9717d523269c40b9c9189"/></dir></dir><dir name="checkout"><dir name="cart"><dir name="item"><file name="default.phtml" hash="ca0b3b8a8b41dc94a6e067b11c60e2c4"/></dir></dir><dir name="multishipping"><dir name="item"><file name="downloadable.phtml" hash="a54c79fadd74281c5587ec6f5f05f357"/></dir></dir><dir name="onepage"><dir name="review"><file name="item.phtml" hash="14c6b556be54f187fa88e23eb73b1ad1"/></dir></dir><file name="success.phtml" hash="e80c2fd04c41c3d91c9269a960c7dcde"/></dir><dir name="customer"><dir name="products"><file name="list.phtml" hash="7eb6d898559355673e16e6a67994b03f"/></dir></dir><dir name="email"><dir name="order"><dir name="items"><dir name="creditmemo"><file name="downloadable.phtml" hash="5308947330e4c8a5ea31a5f478117764"/></dir><dir name="invoice"><file name="downloadable.phtml" hash="7f3d48155dc4034868099d8b64cafd56"/></dir><dir name="order"><file name="downloadable.phtml" hash="17e3f7933de13891e2a8512c872eea86"/></dir></dir></dir></dir><dir name="sales"><dir name="order"><dir name="creditmemo"><dir name="items"><dir name="renderer"><file name="downloadable.phtml" hash="8534822f30d12582304bf178bf1f3a41"/></dir></dir></dir><dir name="invoice"><dir name="items"><dir name="renderer"><file name="downloadable.phtml" hash="bc6351f6937774b9fb038b6372170d64"/></dir></dir></dir><dir name="items"><dir name="renderer"><file name="downloadable.phtml" hash="b23b662e74345e8d059518f5edb2e736"/></dir></dir></dir></dir></dir><dir name="email"><dir name="order"><dir name="creditmemo"><file name="items.phtml" hash="b47aec2b2a04f851e011861858f666d6"/></dir><dir name="invoice"><file name="items.phtml" hash="9df2db8a77da02023105df3537c88fda"/></dir><dir name="items"><dir name="creditmemo"><file name="default.phtml" hash="4bf5d0461d82a4c08a8f4f8f05b84712"/></dir><dir name="invoice"><file name="default.phtml" hash="4bf5d0461d82a4c08a8f4f8f05b84712"/></dir><dir name="order"><file name="default.phtml" hash="4dbe3dc7374114ce8daace23f22aa14b"/></dir><dir name="shipment"><file name="default.phtml" hash="9fb9140adb3fd720c9ee824646fd81ef"/></dir></dir><file name="items.phtml" hash="82514c6dd6cf89a9fe4dcc5915f8a0f8"/><dir name="shipment"><file name="items.phtml" hash="790ac5faaec91f570504804048e19be0"/><file name="track.phtml" hash="092417894365f0bd0dd1de8f5418bf75"/></dir></dir><dir name="productalert"><file name="price.phtml" hash="a06c3ff9a1407a2a700c640463b1c656"/><file name="stock.phtml" hash="d4f84e74595e86744dbd1591f724f061"/></dir></dir><dir name="giftmessage"><file name="inline.phtml" hash="64693c0a3e708784446c58bdf3fd2bad"/></dir><dir name="googleanalytics"><file name="ga.phtml" hash="c3f24c1411dd96ec0cb6da8cd4e5b54d"/></dir><dir name="googlecheckout"><file name="form.phtml" hash="903b67370a02be2b5363324f9e7e9c41"/><file name="link.phtml" hash="1421dc98e10f043f9148b392b8084016"/></dir><dir name="newsletter"><file name="subscribe.phtml" hash="b6d89597fe6ab55f24f1db71928659ca"/></dir><dir name="oauth"><dir name="authorize"><file name="button.phtml" hash="ab630b4316878e341c0611cfa51650aa"/><file name="button-simple.phtml" hash="b4106ed8604d849314aecdea831ca6fa"/><file name="confirm.phtml" hash="563d76e574a1a6c43945479c63ae711e"/><file name="confirm-simple.phtml" hash="80423693a0a07b13a9dbc5507fe74847"/><dir name="form"><file name="login.phtml" hash="98743d533dea9a5dca05f3474bd6dc3c"/><file name="login-simple.phtml" hash="7b80dd4355187f7fbbfcfd6c05e8ae41"/></dir><file name="head-simple.phtml" hash="bfd2884d2c8af4315dd919ced20235cc"/><file name="reject.phtml" hash="51593eb4eba331894dffb67c4ca2bce2"/><file name="reject-simple.phtml" hash="b5b7d2623b16e56ddc95fef5a5e7a2ac"/></dir><dir name="customer"><dir name="token"><file name="list.phtml" hash="0ed2ae29b0489f2dec0a6af03010fff5"/></dir></dir></dir><dir name="page"><file name="1column.phtml" hash="2ea1a339be90ced29b095ca4ceddcba4"/><file name="2columns-left.phtml" hash="b491cac040becb6be61d32d4ceadee79"/><file name="2columns-right.phtml" hash="c1767fa0eee114712a1ca8411795a3aa"/><file name="3columns.phtml" hash="207dff942b8b91987d19155f7a8a7009"/><file name="empty.phtml" hash="11d6841d6dfa2ad0c366fb11c26068af"/><dir name="html"><file name="breadcrumbs.phtml" hash="c034a339ee600b805c6271c83225944a"/><file name="footer.phtml" hash="4561fac2fb6e8c722a3f5be2825de65b"/><file name="header.phtml" hash="8dcf15fb7a3ef937b0ffeb2efcb7b4f3"/><file name="head.phtml" hash="8414479731562425a7dc6641486e74c5"/><file name="notices.phtml" hash="c3bf7f3cef2471eed531a3f35c98527f"/><file name="pager.phtml" hash="46cf49b484921cdacc6284bd8d1ff048"/><file name="top.links.phtml" hash="c5c2f18a6e5184206a2150dc58c01d04"/><file name="topmenu.phtml" hash="c7393f747b618c4668d5b5f39157232a"/><file name="wrapper.phtml" hash="99122df71779b8bf5146a6b0c40593d5"/></dir><dir name="js"><file name="calendar.phtml" hash="9461fd7deda2495b743ce17d405ecb28"/><file name="cookie.phtml" hash="ad57ca0a6409b2ce90448ae7c548e83f"/></dir><file name="popup.phtml" hash="97e855dcb940403ba9d3bcd64aa548de"/><file name="print.phtml" hash="e64d12aab7f325867fbaa303b8517307"/><file name="redirect.phtml" hash="8c3df16330cc29e52af3e13f32362e0c"/><dir name="switch"><file name="flags.phtml" hash="3d6dc469f573506ff0ed3b7258b23dbc"/><file name="languages.phtml" hash="f6c946bedc1e648efd462a8d7c029df4"/><file name="stores.phtml" hash="8d267ab0070362e52e37e5673bddf2c2"/></dir><dir name="template"><file name="container.phtml" hash="78db3f910f9f854d543cc803d72ca46c"/><file name="linksblock.phtml" hash="162aa23949d5aafa5b97ee383a59a102"/><file name="links.phtml" hash="1d4ec456ca6dbdc096e83ac2301f6fa5"/></dir></dir><dir name="pagecache"><file name="cookie.phtml" hash="5da6fe493e3e79ccd5a2fd8d9bd85f0f"/></dir><dir name="paygate"><dir name="form"><file name="cc.phtml" hash="a09ab0c7cd31ed6ee0baedb13dbae9ac"/></dir><dir name="info"><file name="cc.phtml" hash="c8e65d6b2aa010bbe9b204ab107f6157"/></dir></dir><dir name="payment"><dir name="catalog"><dir name="product"><dir name="view"><dir name="profile"><file name="options.phtml" hash="8fc392586cb4c66764382ffbc20a9393"/><file name="schedule.phtml" hash="fd48d09a03580f4a4f2f98f86de8b54a"/></dir></dir></dir></dir><dir name="form"><file name="banktransfer.phtml" hash="01644d6cf993bc5cfe2632e5a5bfdcc2"/><file name="cashondelivery.phtml" hash="9e55096120edfec835e07482bc483096"/><file name="cc.phtml" hash="23ec898742ca57a628437f21bd6101ea"/><file name="ccsave.phtml" hash="b52e20c18cf71c8200e46193cb51e58f"/><file name="checkmo.phtml" hash="9e0b5fe468c281f82f4ec1351f084e02"/><file name="purchaseorder.phtml" hash="ff79af2ed766da3a9e412b4b438b0377"/></dir><dir name="info"><file name="banktransfer.phtml" hash="e2403ade862ab927944c0d67982bed40"/><file name="checkmo.phtml" hash="df97b19db1e1c0bfc991f3d230bf00a2"/><file name="default.phtml" hash="41c1d133402c8274dd78bad60a89fbc8"/><file name="purchaseorder.phtml" hash="11574613b69778e02e20a7b1767512c4"/></dir></dir><dir name="paypal"><dir name="express"><dir name="review"><file name="address.phtml" hash="0ceee8f979be1d6a44ed6919af122016"/><file name="details.phtml" hash="d9cfdaa646d2d6693002bf6f00064201"/><dir name="shipping"><file name="method.phtml" hash="f71cbdfc5a8fe543eb03c8475a1818d3"/></dir></dir><file name="review.phtml" hash="0ee4d1c4e2055ca9050ef964b4ac0a94"/><file name="shortcut.phtml" hash="227924ef1ed156953734d44c0a0cfda0"/></dir><dir name="hss"><file name="form.phtml" hash="f25fda88eae3556b410e4c86e3754785"/><file name="iframe.phtml" hash="700aa309bc3e2cb15fc5969204df470d"/><file name="info.phtml" hash="6ae7f528f71dc914365a9c638b61520d"/><file name="js.phtml" hash="4e57e37572a7c69e1e6c8e479a6950c1"/><file name="redirect.phtml" hash="c89c02eae033723d9fd5f8a8db70f80a"/><dir name="review"><file name="button.phtml" hash="359132746414e4ae696ba6047e2d3e98"/></dir></dir><dir name="partner"><file name="logo.phtml" hash="831fa2f4041657c5c2f3eb4acf14f788"/></dir><dir name="payflowadvanced"><file name="form.phtml" hash="991804f0ad7a6871df9bed2529746c8a"/><file name="iframe.phtml" hash="f72cbcfa9e63a56ab8b78a0e4a403706"/><file name="info.phtml" hash="4bb273041a60c52e5428b453598886c2"/><file name="redirect.phtml" hash="6c2037bdfd6603e1cd9b911da70e75dd"/></dir><dir name="payflowlink"><file name="form.phtml" hash="f25fda88eae3556b410e4c86e3754785"/><file name="iframe.phtml" hash="98df72e2f3a9bdc44c97d28bf02eef29"/><file name="info.phtml" hash="d2a18e1bfc3d3716f060962c198ec61a"/><file name="redirect.phtml" hash="e756182507ca509d1e2a396cf38ba639"/></dir><dir name="payment"><file name="mark.phtml" hash="0442986e7a40f3c2b9e7861edd206b3e"/><file name="redirect.phtml" hash="7de0a6668e72671ab6d10d08fc8e0070"/></dir></dir><dir name="paypaluk"><dir name="express"><file name="review.phtml" hash="7510838614cdbd9e15e0d26b958427c8"/></dir></dir><dir name="persistent"><dir name="checkout"><dir name="onepage"><file name="billing.phtml" hash="fc58c50dba0ecbd0c3caac7eeb43fbff"/><file name="login.phtml" hash="34b965fabb7762ac9e2c2738344c184f"/></dir></dir><dir name="customer"><dir name="form"><file name="login.phtml" hash="ed3e797256dd9f9c06fa63c8cb315cca"/><file name="register.phtml" hash="ed544c1d7e80463bd8d03cfb8b3a934e"/></dir></dir><file name="remember_me.phtml" hash="3c2c3fd5313a71d4503b5bdd70cd9ff5"/><file name="remember_me_tooltip.phtml" hash="da09485dab530b5ebce8235e655329ec"/></dir><dir name="poll"><file name="active.phtml" hash="28ba7a63284f6b6fcc4c5be76e46e238"/><file name="result.phtml" hash="215fc6adbc8c4bb647723021576b3545"/></dir><dir name="productalert"><file name="price.phtml" hash="48125dd56110e5168a1693e5fba801c5"/><dir name="product"><file name="view.phtml" hash="7d502c7725566089a9ec824783cb4ace"/></dir><file name="stock.phtml" hash="48125dd56110e5168a1693e5fba801c5"/></dir><dir name="rating"><file name="detailed.phtml" hash="fd0413a654744d23ce6eea412221a2e4"/><file name="empty.phtml" hash="2b5189dccbaa36740993f45bd6f11214"/></dir><dir name="reports"><file name="home_product_compared.phtml" hash="3246ad747921cf31aece83e6ce55f759"/><file name="home_product_viewed.phtml" hash="a284ecdbfc6964004b0e4658620ae2dd"/><file name="product_compared.phtml" hash="afc280da1526d6f2badb14671b5997db"/><file name="product_viewed.phtml" hash="865b89ca10602feaefca198b309b8d88"/><dir name="widget"><dir name="compared"><dir name="column"><file name="compared_default_list.phtml" hash="bd898d390260c74fa678b4b24c2e86a6"/><file name="compared_images_list.phtml" hash="1d109a4aa32b86a7e5569657c950fcd4"/><file name="compared_names_list.phtml" hash="d403f06d34f8bfda35fbbfec6a3dff13"/></dir><dir name="content"><file name="compared_grid.phtml" hash="e6b8367c27c67df49196836bd225d086"/><file name="compared_list.phtml" hash="822896f074525b39ab7eb6cfd392c16f"/></dir></dir><dir name="viewed"><dir name="column"><file name="viewed_default_list.phtml" hash="27b595aa16fabb2972a20f8b1e5743c5"/><file name="viewed_images_list.phtml" hash="af17684fe97e1ca6240d6e8320994aba"/><file name="viewed_names_list.phtml" hash="e27a188a161cfb6a6774545274c0698e"/></dir><dir name="content"><file name="viewed_grid.phtml" hash="762882c24518862005f76bcb1eb31e01"/><file name="viewed_list.phtml" hash="6946d8b2c6bf6acbe5fa726270bc12e4"/></dir></dir></dir></dir><dir name="review"><dir name="customer"><file name="list.phtml" hash="aa6b0ddc97f52f74d7309c508758c1a6"/><file name="recent.phtml" hash="db2da0952d12c186927fa0e5de73ef92"/><file name="view.phtml" hash="f829a98a214c59676589063ef427aadf"/></dir><file name="form.phtml" hash="00345bebc1480d567bf229ec31e89891"/><dir name="helper"><file name="summary.phtml" hash="7c15b7078c848df9d2346ccd1d13cad5"/><file name="summary_short.phtml" hash="3235ad0cf2262197433a415c30fcadc2"/></dir><dir name="product"><dir name="view"><file name="count.phtml" hash="4330b226b0de0c1e151ea0e8cfc60bec"/><file name="list.phtml" hash="c45ef4b227ce16adeac9a66cc41b236e"/><file name="other.phtml" hash="0f7a97276b6b495e1b3dedf488018625"/></dir></dir><file name="view.phtml" hash="0aeb91cca40ccadffc2cde36918af5d6"/></dir><dir name="rss"><file name="list.phtml" hash="639a0c032698bdf5078cfa3110f0919d"/><file name="nofeed.phtml" hash="6f6fc72b022ef05a3799070ba3677aeb"/><dir name="order"><file name="details.phtml" hash="2861b91f790d93c3fbe8981e2802adc9"/></dir></dir><dir name="sales"><dir name="billing"><dir name="agreement"><file name="view.phtml" hash="15901f66f3d2cb13cc6cb48eb3878ca7"/></dir><file name="agreements.phtml" hash="4f3fbdec473f49180470e036042a19cd"/></dir><dir name="guest"><file name="form.phtml" hash="96cd89fe53104f88439d6825ec8196a9"/></dir><dir name="order"><file name="comments.phtml" hash="77f3e95650ad0f6a90f4cb6d163b6349"/><dir name="creditmemo"><dir name="items"><dir name="renderer"><file name="default.phtml" hash="14ed3f65d83349b62f0becf2f018ae5a"/></dir></dir><file name="items.phtml" hash="986605cb8f6d86ecadb1bba6eef911ef"/></dir><file name="creditmemo.phtml" hash="dc24a51ef84241ec9a35b556311e70b7"/><file name="details.phtml" hash="7c34b1bff0d8de0276818dacc1b66d5f"/><file name="history.phtml" hash="3f3a7a713ce72e2e4060a70ee0c7c426"/><dir name="info"><file name="buttons.phtml" hash="cbb5bdeb8d78eb95b699b8c92b7404a0"/></dir><file name="info.phtml" hash="333fe60a5570c41928186065ef71b42c"/><dir name="invoice"><dir name="items"><dir name="renderer"><file name="default.phtml" hash="da6c6fcb460db8fa518c78d1dbb48136"/></dir></dir><file name="items.phtml" hash="229ff219a495ae5ef2e56d8ce3b5d1f9"/></dir><file name="invoice.phtml" hash="373113354854d0ef46e044ff30254b5d"/><dir name="items"><dir name="renderer"><file name="default.phtml" hash="0808ea2e55731cf4dff9588c2913618d"/></dir></dir><file name="items.phtml" hash="94914e5aef876233b3f42f37e20d044c"/><dir name="print"><file name="creditmemo.phtml" hash="533dfad8bc9e4b8a93306bab2c91b53f"/><file name="invoice.phtml" hash="0a5dbf9447b2d78f2c73ca5941053cb8"/><file name="shipment.phtml" hash="679c12ad01f721514926cdf476d4567d"/></dir><file name="print.phtml" hash="8cd264b3b7a9adee78385a059d1b402b"/><file name="recent.phtml" hash="60e7a7e36a960f6a8380042a1880dacd"/><dir name="shipment"><dir name="items"><dir name="renderer"><file name="default.phtml" hash="f6edf268e181e3213120d50a617ce56e"/></dir></dir><file name="items.phtml" hash="46e6bcda7059d1de070723b362e3ee2c"/></dir><file name="shipment.phtml" hash="91d67ce7e9014e7ac3414561dbe1a776"/><file name="totals.phtml" hash="3c18ba1dc8367621c8edca23b7bc7adf"/><file name="trackinginfo.phtml" hash="0132a39a5c29091406ac6e2ff5823ae3"/><file name="view.phtml" hash="514ca6354adfffc674a45863de4267b1"/></dir><dir name="payment"><dir name="form"><dir name="billing"><file name="agreement.phtml" hash="55e695e1f2a2e2a0a304be27c3feda0a"/></dir></dir></dir><dir name="recurring"><file name="grid.phtml" hash="5dd2a80bdc5b6f821d92c05395a15ff6"/><dir name="profile"><dir name="view"><file name="info.phtml" hash="5b6aa541b1a9f7c71ec0bbc4490264cc"/></dir><file name="view.phtml" hash="61f0a32de037e052e9d9cfe9d1c26371"/></dir><file name="profiles.phtml" hash="e1dbb7ff1be0313200119a133ca3b6ca"/></dir><dir name="reorder"><file name="sidebar.phtml" hash="b598ad2c6dd06ce9fdd85bd0edc3e43c"/></dir><dir name="widget"><dir name="guest"><file name="form.phtml" hash="4bd5afecd985f239e9b5e4a34d3f9083"/></dir></dir></dir><dir name="sendfriend"><file name="send.phtml" hash="7babde26ad2c6cce943d37da7a2d0b66"/></dir><dir name="shipping"><dir name="tracking"><file name="ajax.phtml" hash="64ef10c5b304a1dc4ecb81ab7cab8f17"/><file name="popup.phtml" hash="f60fed812f2b7583cf523a9b9771134a"/></dir></dir><dir name="tag"><file name="cloud.phtml" hash="71b12c0baf6c2051e1352c8728decd1d"/><dir name="customer"><file name="recent.phtml" hash="06c5c4ea55dd8c4fdc21c084d2f4fc15"/><file name="tags.phtml" hash="1f9189426b1f55843aa6d7626a436661"/><file name="view.phtml" hash="f69f606ae1b530c8621d129570ff3f1a"/></dir><file name="list.phtml" hash="bdc85e7907f29b7d882629b1f1fe9c4a"/><file name="popular.phtml" hash="5acb50261292e223a1c2c2315c280e29"/></dir><dir name="tax"><dir name="checkout"><file name="discount.phtml" hash="c3232e4e0e91d1e3d58fd5ccb0286d15"/><file name="grandtotal.phtml" hash="eb53b2a888da032176e3500feab7dac3"/><file name="shipping.phtml" hash="1a65fd85d96b84ec1f68930c53194fc6"/><file name="subtotal.phtml" hash="10c31870d3d53b269e431360e0e91963"/><file name="tax.phtml" hash="9bd7d2d16b3df413aff4da9c4cd14e2b"/></dir><dir name="order"><file name="tax.phtml" hash="b9f66bc0554932c2408d64b475537bdc"/></dir></dir><dir name="wishlist"><dir name="button"><file name="share.phtml" hash="46fd019f2f64613834bc27588e6e0983"/><file name="tocart.phtml" hash="4b53bf90afa812a4ba1a31518cc174ee"/><file name="update.phtml" hash="b6d940e368b875082132220e8257e4c9"/></dir><dir name="email"><file name="items.phtml" hash="80006df1da4246533f72982231cbdced"/><file name="rss.phtml" hash="edfe5c16de2121d0526837966cda3da9"/></dir><dir name="item"><dir name="column"><file name="cart.phtml" hash="1f858cc0b01637cdc912a37ec72c2d77"/><file name="image.phtml" hash="db17bcd781abcd6d5ed353a71088105e"/><file name="info.phtml" hash="97c60f354ce7cfb3a1b5160673ae1e9b"/><file name="remove.phtml" hash="e6b9ea47c1fb9a1ed703e767fa62376f"/></dir><dir name="configure"><file name="addto.phtml" hash="2785e846cfc4f3f2ac670c6e7b75d4e7"/></dir><file name="list.phtml" hash="826c654a2414a4961f9e08e72e232fdc"/></dir><file name="options_list.phtml" hash="82edb5ed56d3bd797056aa7a2e07ff28"/><dir name="render"><dir name="item"><file name="price_msrp_item.phtml" hash="7a3c31fbf52d1f74b7ffb9ca25f79cb4"/><file name="price_msrp_rss.phtml" hash="288d268cce8b3c8a055ba19d5270f4e8"/><file name="price.phtml" hash="f47600f3dba84c055840a9ae2ea1934e"/></dir></dir><file name="shared.phtml" hash="07be81c4eb489e6c178b1659039a6de6"/><file name="sharing.phtml" hash="ac8d3b2f1752a7c6aa279faf96022363"/><file name="sidebar.phtml" hash="4fb9cfd8a5dddd98141374d9b1a04478"/><file name="view.phtml" hash="9bf78d4c0948784507f4a5c8bd33236f"/></dir></dir></dir></dir></dir></target><target name="mageskin"><dir name="frontend"><dir name="base"><dir name="default"><dir name="css"><file name="widgets.css" hash="4732f4eb6427aff580ed48ed524c9ccd"/></dir><file name="favicon.ico" hash="88733ee53676a47fc354a61c32516e82"/><dir name="images"><file name="calendar.gif" hash="b1468e5239504974c689eea5d93f86d4"/><dir name="catalog"><dir name="product"><dir name="placeholder"><file name="image.jpg" hash="097ab8a3051bc037ea3de0e17f440540"/><file name="small_image.jpg" hash="f825d16f97a640453553c79c48ebaa73"/><file name="thumbnail.jpg" hash="b2b682d28a08a748a73d2cda70ab5a57"/></dir></dir></dir><dir name="cookies"><file name="firefox.png" hash="425e1b2ddc38c0bba431fb54357c66a4"/><file name="ie6-1.gif" hash="5c27700e245762bc89ed8c3ee7183f21"/><file name="ie6-2.gif" hash="d8c55e15e1f711e5c259300a9c19551b"/><file name="ie7-1.gif" hash="d61edcc8a514a3c81ea116b7d38ddcb6"/><file name="ie7-2.gif" hash="0526a654e94c54866cad977c0a47d3e5"/><file name="ie7-3.gif" hash="4fb142def3f6cfd8d8d23e1315528a1e"/><file name="ie7-4.gif" hash="575c276231c6a91e28935ec98215e146"/><file name="ie7-5.gif" hash="3ae5fcc11fe89da91674d183872337c1"/><file name="ie7-6.gif" hash="95a4981a41785a8cde273c9b2edbfbc7"/><file name="opera.png" hash="34070d92180d4ee0e37b1dd8bb731cd7"/></dir><file name="cvv.gif" hash="83cdd38bf110b0f9c52fe84b56f45298"/><file name="fam_book_open.png" hash="0ba89b9fbe7e88d4c6896ed0a1f495aa"/><file name="reload.png" hash="84cc4883f78ef850814ea9b53989b2a7"/><dir name="widgets"><file name="i_block-list.gif" hash="fe8424127ecbe4b0d893bcf6f253dc1a"/><file name="i_widget-link.gif" hash="1bf753578171f147f0203e7b13bdd0c4"/><file name="i_widget-new.gif" hash="a75377ffed51b711cbc608ffaa1a2e7d"/></dir></dir><dir name="js"><file name="bundle.js" hash="758eba2fa873bcd77d4bf60d5bddfc08"/><dir name="checkout"><file name="review.js" hash="689b8d6d30484eaca413d5303360ec81"/></dir><file name="giftmessage.js" hash="6e0d23b1b4c0f0a59abec709eb6b5dc4"/><file name="ie6.js" hash="46173fb9f7c45fd107ba4df4df397ffb"/><file name="msrp.js" hash="c22fa5f0f4bb239bfa44276fe674be72"/><file name="opcheckout.js" hash="c39c87c8f78abf7d0ab7fad3726de7d6"/></dir><dir name="lib"><dir name="prototype"><dir name="windows"><dir name="themes"><dir name="magento"><file name="btn_bg.gif" hash="37c51a4d48a92da9648dcd3ca011039f"/><file name="content_bg.gif" hash="21278ea0da2d4256f4ced96b6080ba2e"/><file name="top_bg.gif" hash="26f28090de87d64f9b01bf624f89bfe2"/><file name="window_close.png" hash="3af14f053f360bf31f8ba2df73ec7f1e"/></dir><file name="magento.css" hash="25386a0f30a2a185e728251733431f96"/></dir></dir></dir></dir></dir></dir></dir></target></contents>
    <compatible/>
    <dependencies><required><php><min>5.2.0</min><max>6.0.0</max></php><package><name>Mage_Core_Modules</name><channel>community</channel><min>1.8.0.0</min><max>1.9.0.0</max></package></required></dependencies>
</package>
