<?xml version="1.0"?>
<package>
    <name>Lib_Js_TinyMCE</name>
    <version>3.4.7.0</version>
    <stability>stable</stability>
    <license>Mixed</license>
    <channel>community</channel>
    <extends/>
    <summary>TinyMCE Javascript Libraries for Magento</summary>
    <description>TinyMCE Javascript Libraries for Magento</description>
    <notes>3.4.7.0</notes>
    <authors><author><name>Magento Core Team</name><user>core</user><email>core@magentocommerce.com</email></author></authors>
    <date>2012-04-20</date>
    <time>13:46:47</time>
    <contents><target name="mageweb"><dir name="js"><dir name="tiny_mce"><dir name="classes"><file name="AddOnManager.js" hash="2364557e5542d57007c7fcdbe76ddcee"/><file name="ControlManager.js" hash="8bf59e769840bc88c2b3eb49fe7ec739"/><file name="Editor.js" hash="5ab5315e4c8f26a080241e04fbd6f684"/><file name="EditorCommands.js" hash="75985f49bc85bed8e503dc529ce8304a"/><file name="EditorManager.js" hash="ec0488033a81578ab16719ebf81078a5"/><file name="ForceBlocks.js" hash="f8e284791bf270429f6e1921d6df5c77"/><file name="Formatter.js" hash="1c22368c7ece5f53d40db0a51f9734b6"/><file name="LegacyInput.js" hash="4365644c02bf57c88b2b4b3adf834ecb"/><file name="Popup.js" hash="41cfe2d7957c84f2834bfa3067acb7d9"/><file name="UndoManager.js" hash="756668b279146f14c2e963fc4210b55a"/><file name="WindowManager.js" hash="5c980e7d0f2efe9bb598c74b9f2fe00b"/><dir name="adapter"><dir name="jquery"><file name="adapter.js" hash="701a01c5f4a8ab09d8e67968a66c336f"/><file name="jquery.tinymce.js" hash="430d2a384ba0387d30c3d116e92cfd17"/></dir><dir name="prototype"><file name="adapter.js" hash="1dcad348dc02cd993b563b141dc42dd2"/></dir></dir><dir name="dom"><file name="DOMUtils.js" hash="53581b12b179a40c51d16ce7e548dbcf"/><file name="Element.js" hash="7a06625238b8f168afb49af00ccd520a"/><file name="EventUtils.js" hash="a7226bf48edcfdeba0d9c9c9f26e7705"/><file name="Range.js" hash="42e14fa9041e6c0cc0dd74d86687da93"/><file name="RangeUtils.js" hash="68ecb0490a42e7872d487f77265baf2e"/><file name="ScriptLoader.js" hash="acceeef89c57ed6cadcb8cc14e5c2edf"/><file name="Selection.js" hash="e46e7ee4425b23c830ce21030de2287f"/><file name="Serializer.js" hash="61add841e1b4eb8900b7129716119aa7"/><file name="Sizzle.js" hash="43535dc856e00e734a0b9a9148962ef3"/><file name="TreeWalker.js" hash="863c8a4a68f5ff12aa6a60f547f80846"/><file name="TridentSelection.js" hash="473b96cb4c7082f778fcf2d134ef1adf"/></dir><dir name="firebug"><file name="FIREBUG.LICENSE" hash="3b402ea96cec202bac23ea7144653cfa"/><file name="firebug-lite.js" hash="1c9c10926be94a61564ad0541a50624f"/></dir><dir name="html"><file name="DomParser.js" hash="299c3c211b97696aa46a47ee472e8209"/><file name="Entities.js" hash="f22d4304dc0f141a24de1a928d2c4612"/><file name="Node.js" hash="51e5e5a6726b09f25c6faad8757146b7"/><file name="SaxParser.js" hash="b099443d40afaf6629d9357b1ef5c4b3"/><file name="Schema.js" hash="9d18a3d932b9cf783db6b4fd5c9d5aa9"/><file name="Serializer.js" hash="6e38e45c41e7316c7c6f633b8c36c98f"/><file name="Styles.js" hash="eba9da27387a30049abc45505d0dd41a"/><file name="Writer.js" hash="1dee299f2ca335a2103b729d90fdf447"/></dir><file name="tinymce.js" hash="feefd3ac6f74f087e64dc8fc3d16bc45"/><dir name="ui"><file name="Button.js" hash="2cd53d559639f487633faa102ce8cd2a"/><file name="ColorSplitButton.js" hash="5a6771ac0196ad4a8e531145763aa4d3"/><file name="Container.js" hash="4148777b610a5e1f6c6b643ed0fcf760"/><file name="Control.js" hash="ff71380b5a67e9587da3e016c3bf45fc"/><file name="DropMenu.js" hash="6e9e05c8729d93ce04152a93726db172"/><file name="KeyboardNavigation.js" hash="a1dd0f26ca173db711c2b160260b1df2"/><file name="ListBox.js" hash="df157435c31608c19653d203d1d1bb04"/><file name="Menu.js" hash="72f713383d63e930dbd472cd87cabe73"/><file name="MenuButton.js" hash="80a18a582bc7a4c2b9e307506db2e2b1"/><file name="MenuItem.js" hash="d13df4cb51cb41842bd6f30e43289da0"/><file name="NativeListBox.js" hash="28d9b8514fcdd8a9bc66450fe73aff6c"/><file name="Separator.js" hash="2bf22f1d852e7bdfdbb2374a5f77dc58"/><file name="SplitButton.js" hash="64ec6a6dc53fa2a4f5f2d6acfc052bab"/><file name="Toolbar.js" hash="b1d67741ef5e0583f14c536fa31bb75e"/><file name="ToolbarGroup.js" hash="ab2a70a35dc15cd08a45536d21139c8a"/></dir><dir name="util"><file name="Cookie.js" hash="e04070d10ea52667d20c9c245c306b6a"/><file name="Dispatcher.js" hash="1c3bc822566552e7565e9670f97cf817"/><file name="JSON.js" hash="6bd7b609553a4068d13ed6da159e3d0b"/><file name="JSONP.js" hash="a0c7dd36203d3953acf31ee3a38a8996"/><file name="JSONRequest.js" hash="5aadb0e89ba1f124574f5f904799b799"/><file name="Quirks.js" hash="994cd8fca3a948e4780ad6f6bc764292"/><file name="URI.js" hash="494fb4b627a0308d20832885f89c2d56"/><file name="VK.js" hash="1edd08ecabe5bad023a282ac1ba97f93"/><file name="XHR.js" hash="8c578d21dea4beaa975b237fce6e6a7c"/></dir><dir name="xml"><file name="Parser.js" hash="c6d6862014ef2ab23a5a16adaee1af6d"/></dir></dir><file name="jquery.tinymce.js" hash="e53609994194e3105622a23808ef8567"/><dir name="langs"><file name="en.js" hash="6128f98c883fd83a43b81ccb8cfd7edd"/></dir><file name="license.txt" hash="0571cf371683742c14f1735079a78e38"/><dir name="plugins"><dir name="advhr"><dir name="css"><file name="advhr.css" hash="15df80b2137bcc04d5455ffa3a51e0c5"/></dir><file name="editor_plugin.js" hash="d0a03059205455e5c19cf3a845a0ebde"/><file name="editor_plugin_src.js" hash="a7fda2e674f15a33baf53cea2e23ec66"/><dir name="js"><file name="rule.js" hash="ef46d7c850c8bcc869ea84ed7ac00c49"/></dir><dir name="langs"><file name="en_dlg.js" hash="af62ab3f1b7a27190f8e001c8aefdfa6"/></dir><file name="rule.htm" hash="492ebbdc24d46061e928d911873d5fc8"/></dir><dir name="advimage"><dir name="css"><file name="advimage.css" hash="1ccd374d5f1e89cc16e1649558a9bb33"/></dir><file name="editor_plugin.js" hash="8af1f904909820d132bc0cbeb6469130"/><file name="editor_plugin_src.js" hash="958a409150fba5532d27e862d52015e9"/><file name="image.htm" hash="0d204c8f7651c3080ab542fb36957881"/><dir name="img"><file name="sample.gif" hash="b9c7057c46716340e8967340ad11766e"/></dir><dir name="js"><file name="image.js" hash="87dd2b03a37248f7615277e160d4bdcd"/></dir><dir name="langs"><file name="en_dlg.js" hash="6f80f834e2209e6a95957403bb4842f0"/></dir></dir><dir name="advlink"><dir name="css"><file name="advlink.css" hash="aaf226732a7b4ae80ee680700f488a1e"/></dir><file name="editor_plugin.js" hash="5e440c6bcb7fd94e7fd597f8a183e16f"/><file name="editor_plugin_src.js" hash="4104cd66aea546becf5d8fca66cf7951"/><dir name="js"><file name="advlink.js" hash="15a7a669ee32c42052e2ef1fd124fcff"/></dir><dir name="langs"><file name="en_dlg.js" hash="8da3a95d6886837c0bca18670f57ae1c"/></dir><file name="link.htm" hash="206ef7aba261ac4bc14e7c6fdbdcc8c5"/></dir><dir name="advlist"><file name="editor_plugin.js" hash="5f1c8625c04a6b0f4567c1c8d5e28ff9"/><file name="editor_plugin_src.js" hash="d451908bf1e060ecd49356787f33fc7c"/></dir><dir name="autolink"><file name="editor_plugin.js" hash="58759137150bbf60f63d9c0a320a9e95"/><file name="editor_plugin_src.js" hash="7a932319535930896e3321b20ba4cdcf"/></dir><dir name="autoresize"><file name="editor_plugin.js" hash="ed6fd391a8b5ecedd913c263da2136b8"/><file name="editor_plugin_src.js" hash="05046c505c39c3d1d827dc6b5ff13c7c"/></dir><dir name="autosave"><file name="editor_plugin.js" hash="b507e5eb5194814fcbe4a15fbb33ba11"/><file name="editor_plugin_src.js" hash="12f0ecaf4f2c26101638ddcba9932028"/><dir name="langs"><file name="en.js" hash="a33b0322c949a6d74bde7fa164396984"/></dir></dir><dir name="bbcode"><file name="editor_plugin.js" hash="31748a6cc57a13da54a0243c3301f3e6"/><file name="editor_plugin_src.js" hash="842450703b915245adb53df7d478ea5a"/></dir><dir name="contextmenu"><file name="editor_plugin.js" hash="80e3dfe19d1114b5d9f43681d7ca257d"/><file name="editor_plugin_src.js" hash="3c35f68c340db520b8e55c90af6c12ba"/></dir><dir name="directionality"><file name="editor_plugin.js" hash="653c3a89058b610fd12242faf4f01cdf"/><file name="editor_plugin_src.js" hash="f55b4200e9f8ffb2ffb7c7c17e19b30a"/></dir><dir name="emotions"><file name="editor_plugin.js" hash="98cba02e33fc108024f3e993be0b0b62"/><file name="editor_plugin_src.js" hash="4cbc6e9b083a810ab0d3768af8f8f864"/><file name="emotions.htm" hash="ab021af9e2de1f2835ac78e28d6b7c10"/><dir name="img"><file name="smiley-cool.gif" hash="e26e97a318f82ec144b0818e5a8f8edb"/><file name="smiley-cry.gif" hash="e72bf995ceca9230273ed9909c5db9c8"/><file name="smiley-embarassed.gif" hash="d59171236e6b0b96091eeda1f7b57ce3"/><file name="smiley-foot-in-mouth.gif" hash="c12d9db6a14ad0b52f66f1e2cf2a38e7"/><file name="smiley-frown.gif" hash="59930208822fe755f651a67ef4b70530"/><file name="smiley-innocent.gif" hash="ec0477c8a206ff250782e40f9bae4b4c"/><file name="smiley-kiss.gif" hash="4ae8945f3960751b5d294f18242e144d"/><file name="smiley-laughing.gif" hash="c37f405db4e13cbebf24e745534687bf"/><file name="smiley-money-mouth.gif" hash="11c14bd1496afd0e21df115d25b68e96"/><file name="smiley-sealed.gif" hash="bb828cb46b377d1589927a02f8fd1762"/><file name="smiley-smile.gif" hash="2968a664098d9580079c66d628dad1a8"/><file name="smiley-surprised.gif" hash="2e136ebd637bf3e6c9fc6bdc20cbe73e"/><file name="smiley-tongue-out.gif" hash="5ec3bb4781c8e43a51d3a1a948b98fc0"/><file name="smiley-undecided.gif" hash="3c0c011d16b1a2331385ed97e160a42a"/><file name="smiley-wink.gif" hash="897275ac7d07032b4d93fb83a0d2a41b"/><file name="smiley-yell.gif" hash="19bb8ebfe3c2f5ef3ffb9aa4a027900d"/></dir><dir name="js"><file name="emotions.js" hash="85efe828d29037950412fec963b6f950"/></dir><dir name="langs"><file name="en_dlg.js" hash="62c052504a77e4f4cec6d90ece0d76c4"/></dir></dir><dir name="example"><file name="dialog.htm" hash="e6170a190a4d44ea5e6af089d2728d7e"/><file name="editor_plugin.js" hash="e0a175dca3d5e437657ccd5d548ff409"/><file name="editor_plugin_src.js" hash="3fcff53aee2c0828db3a4e9e78f9b580"/><dir name="img"><file name="example.gif" hash="6036655a01df362267183a8b23fead10"/></dir><dir name="js"><file name="dialog.js" hash="83245e76c97e24d466cf5df2308f9bf4"/></dir><dir name="langs"><file name="en.js" hash="78c88182b5fb900fc956845f75885b3a"/><file name="en_dlg.js" hash="7aec7a3b9d4642fbf7bb3ef1ed8a7570"/></dir></dir><dir name="example_dependency"><file name="editor_plugin.js" hash="405d190ae03384a9acb00533568b2cfd"/><file name="editor_plugin_src.js" hash="473878118b45efe326d335f992ff9943"/></dir><dir name="fullpage"><dir name="css"><file name="fullpage.css" hash="2ac64c98369f8b4f7cbf6fa70e25bfca"/></dir><file name="editor_plugin.js" hash="5dfbe0a82c87eb0fb65b11dcd39406d0"/><file name="editor_plugin_src.js" hash="636afe66f3de447eb92611bdcfb7f2b3"/><file name="fullpage.htm" hash="8c58825b698712e7297f95da51a9c03c"/><dir name="js"><file name="fullpage.js" hash="a7913b6b1a1ae634a509c3db9faf381a"/></dir><dir name="langs"><file name="en_dlg.js" hash="963f370d56f19c2f94de09b10a306187"/></dir></dir><dir name="fullscreen"><file name="editor_plugin.js" hash="38b4fcfb8b026060b40c82087cd4082d"/><file name="editor_plugin_src.js" hash="06071256d57d2b332969e80c265e10db"/><file name="fullscreen.htm" hash="cbcaf5717e464f248dc44eb0c3bc201a"/></dir><dir name="iespell"><file name="editor_plugin.js" hash="22526393cacb6447a0e3bfff2fb47773"/><file name="editor_plugin_src.js" hash="311e13bcc85c06da43decc37dc1b4f83"/></dir><dir name="inlinepopups"><file name="editor_plugin.js" hash="cbfebda03eef4bd608a86827948c4224"/><file name="editor_plugin_src.js" hash="4b1b187a27aeaa393c9ed5e10a13ce83"/><dir name="skins"><dir name="clearlooks2"><dir name="img"><file name="alert.gif" hash="568d4cf84413656fb72fe39d1dd60f8d"/><file name="button.gif" hash="19f864cb81177840dcd534df4d537ea3"/><file name="buttons.gif" hash="1743ac9f7f2267a6edafefc536a2265d"/><file name="confirm.gif" hash="1bc337a20c319e531cda6ced531827d0"/><file name="corners.gif" hash="55298b5baaecb7e06a251db9f0a4b14c"/><file name="horizontal.gif" hash="0365e75dd4a9ad61dc98dcb641207c21"/><file name="vertical.gif" hash="0261136fac58ce77bdbd96aa0194947e"/></dir><file name="window.css" hash="f715affab9da63bc26f8c6362a989395"/></dir></dir><file name="template.htm" hash="3d7e3ae05511a9f64c5da924b9e971ba"/></dir><dir name="insertdatetime"><file name="editor_plugin.js" hash="d99072498466cdb2f53ed7c02da85982"/><file name="editor_plugin_src.js" hash="32a2afa1cd3ff8c9b966f8724ba3e0b3"/></dir><dir name="layer"><file name="editor_plugin.js" hash="4e5fc1b467c19d79dcf6246ba3a63cd8"/><file name="editor_plugin_src.js" hash="3754eb57b08539e459509caa74acecc6"/></dir><dir name="legacyoutput"><file name="editor_plugin.js" hash="3e3a7b70e8fc43b4b6f2901f73d0b01c"/><file name="editor_plugin_src.js" hash="b23bc1319757dd1011e09b666afd44a8"/></dir><dir name="lists"><file name="editor_plugin.js" hash="891a7d9f518f879ea6df49509135f9e2"/><file name="editor_plugin_src.js" hash="2ca0df0ed2f860fe08453ed0c3e173e5"/></dir><dir name="media"><dir name="css"><file name="media.css" hash="f211293a697a2c83da00effd67f535a2"/></dir><file name="editor_plugin.js" hash="9ce4c5f8e09f3b86b7b62abb19f32b09"/><file name="editor_plugin_src.js" hash="8a70d6ea61704ca5a9c3c93017668515"/><dir name="img"><file name="flash.gif" hash="6c69b02015d09280332ff8b07e4ea2f3"/><file name="flv_player.swf" hash="fe011e9725b2722b59bb8ef4991bf6bb"/><file name="quicktime.gif" hash="9a6a9fdead205b125c07ea37e71ed4f1"/><file name="realmedia.gif" hash="b9734ee16d790e67bea01046feba28b7"/><file name="shockwave.gif" hash="baa643b587565755157618032dc93e3c"/><file name="trans.gif" hash="12bf9e19374920de3146a64775f46a5e"/><file name="windowsmedia.gif" hash="c327cd167b3a7bc263d908b0d0154ead"/></dir><dir name="js"><file name="embed.js" hash="39ebc57f44e1cc683724e1c1ff761894"/><file name="media.js" hash="e1b3af390145bdea3edf06e2d1c2d3b0"/></dir><dir name="langs"><file name="en_dlg.js" hash="9523fc123c577642000fd409bd862c3f"/></dir><file name="media.htm" hash="be58b1edf9a4a4dbf3a1993e3d897e1a"/><file name="moxieplayer.swf" hash="9217cea72c76c361fa5033526712284e"/></dir><dir name="nonbreaking"><file name="editor_plugin.js" hash="232f23a586f10bd8ddabf38d767113d4"/><file name="editor_plugin_src.js" hash="fefbda5243d10652038ccf40801b8893"/></dir><dir name="noneditable"><file name="editor_plugin.js" hash="8b2a33f3e54cc33b64b2b68e8cc46fe0"/><file name="editor_plugin_src.js" hash="63cc89637e49777abe87c79be487839e"/></dir><dir name="pagebreak"><dir name="css"><file name="content.css" hash="d9664762a610f2b5f7b10b5781f3299a"/></dir><file name="editor_plugin.js" hash="8be3376740c886fa2842d2f4eb282bbc"/><file name="editor_plugin_src.js" hash="c2d432a5914f0095a859ff443700a5e9"/><dir name="img"><file name="pagebreak.gif" hash="48872075f721bf57a517e3275d61c0ba"/><file name="trans.gif" hash="12bf9e19374920de3146a64775f46a5e"/></dir></dir><dir name="paste"><file name="editor_plugin.js" hash="ace4ee20adc97976943071a23a644834"/><file name="editor_plugin_src.js" hash="b8ace9aefca08c72431521b430287824"/><dir name="js"><file name="pastetext.js" hash="d6e4b39f19b89118b34b0d21491494b7"/><file name="pasteword.js" hash="112504d12e971e4d32f17a59c5616c36"/></dir><dir name="langs"><file name="en_dlg.js" hash="6ea2189562f65287be8e5e3185c405b7"/></dir><file name="pastetext.htm" hash="8f217769e59a5dd67843c7c17c842f41"/><file name="pasteword.htm" hash="8b9459b98f9a70ed684832326bf1cdf6"/></dir><dir name="preview"><file name="editor_plugin.js" hash="925216b63aabd5adc67d642ca2d04b4a"/><file name="editor_plugin_src.js" hash="6f9c3234dfdc0f62b713e8771f4ca5dc"/><file name="example.html" hash="9b9290408ae10fa29ec29db60682be91"/><dir name="jscripts"><file name="embed.js" hash="39ebc57f44e1cc683724e1c1ff761894"/></dir><file name="preview.html" hash="bb02414f4cdd28c4a66e7fb5ed820f2d"/></dir><dir name="print"><file name="editor_plugin.js" hash="53eb1da78f727ee8337671fb86354c17"/><file name="editor_plugin_src.js" hash="f11547aa114df69b35df319003105e11"/></dir><dir name="save"><file name="editor_plugin.js" hash="307a0743c68c4e4aff005f13027f296f"/><file name="editor_plugin_src.js" hash="4dcbdaab64f06550a2db2b650f99d411"/></dir><dir name="searchreplace"><dir name="css"><file name="searchreplace.css" hash="ad0addca1bd5727432f39ec9b7fdac1e"/></dir><file name="editor_plugin.js" hash="ed4f1fa6e12844b533c86258647a298f"/><file name="editor_plugin_src.js" hash="7292198991a0fda1b9c7b28c921c6521"/><dir name="js"><file name="searchreplace.js" hash="9adfb80d483679251678e420536152be"/></dir><dir name="langs"><file name="en_dlg.js" hash="fbd47078679d87b541479000589ef4c9"/></dir><file name="searchreplace.htm" hash="3b9c195a5883e759e83dd6958c87323b"/></dir><dir name="spellchecker"><dir name="css"><file name="content.css" hash="ac0c7dbbbe44022d29d63b7b05123e3d"/></dir><file name="editor_plugin.js" hash="50a890efd0b000bebf8f59be18b4756e"/><file name="editor_plugin_src.js" hash="432a562732b010b8bcf62f32a225bea4"/><dir name="img"><file name="wline.gif" hash="c136c9f8e00718a98947a21d8adbcc56"/></dir></dir><dir name="style"><dir name="css"><file name="props.css" hash="3442be519751bad52b23dc35a1de30d5"/></dir><file name="editor_plugin.js" hash="ac96cb192e649f92a42b9ce339092008"/><file name="editor_plugin_src.js" hash="f3fe95aa447b856e589a48b78c0556f8"/><dir name="js"><file name="props.js" hash="e124c39764008068cf22d7923bafdae0"/></dir><dir name="langs"><file name="en_dlg.js" hash="f7d2969890e90d38330dff352f21a346"/></dir><file name="props.htm" hash="14ad0e0ff0597b5749541b3acc3b0e60"/></dir><dir name="tabfocus"><file name="editor_plugin.js" hash="dccf6d391c252e2571f2ed4b15fba889"/><file name="editor_plugin_src.js" hash="8cf50fd7b506d6ee501f58d19c68eedf"/></dir><dir name="table"><file name="cell.htm" hash="f427b778a4924154a5e2317ddfd0f567"/><dir name="css"><file name="cell.css" hash="56394e6cdb267d97e23a07a98820e84b"/><file name="row.css" hash="81a75523c1e83be93e524c8bb901a089"/><file name="table.css" hash="f5e651f5a32284f1c4e0faa1d7cd5ff4"/></dir><file name="editor_plugin.js" hash="62302b2c6f82c8395cc4e321a0e6e26b"/><file name="editor_plugin_src.js" hash="bb38252bcf2024f978672acd56b09fb4"/><dir name="js"><file name="cell.js" hash="71030210bf410427051ba4657bc777d9"/><file name="merge_cells.js" hash="3650484c93d6c9a197d03a5c3c3d2e80"/><file name="row.js" hash="9c06d9dec390ebf1a36fb3452a21b1f8"/><file name="table.js" hash="4a2d90fb4523e358c80d8626e0d6e2e0"/></dir><dir name="langs"><file name="en_dlg.js" hash="ee3484503050cdae74d2cafa7d2e9999"/></dir><file name="merge_cells.htm" hash="f939ddd56826c0ec3c9e6e9a478346bf"/><file name="row.htm" hash="fdfc261a10c0ff0fb3c250295d4f4c35"/><file name="table.htm" hash="88fb36057ec1cb1681fed2dcb0b44693"/></dir><dir name="template"><file name="blank.htm" hash="9553e76581d74579d23bea5c7ea8a807"/><dir name="css"><file name="template.css" hash="5b2c159120cbef004c9b0804c292820b"/></dir><file name="editor_plugin.js" hash="70cb20c4e287110ae8aeed999893c532"/><file name="editor_plugin_src.js" hash="336af7b2ec3e0f7c83a7d05bf16cd018"/><dir name="js"><file name="template.js" hash="75abfd82a90ae648fb18c5517dfd925b"/></dir><dir name="langs"><file name="en_dlg.js" hash="1ce03c0fcf0f1aa74c132459abe30f39"/></dir><file name="template.htm" hash="b55e174e239e5c4b3a52d6ad60eb991d"/></dir><dir name="visualchars"><file name="editor_plugin.js" hash="e494d07c71e24040a407b20017ca63e3"/><file name="editor_plugin_src.js" hash="f285c8f2ffac745325e86687b8cf0fb5"/></dir><dir name="wordcount"><file name="editor_plugin.js" hash="75fdb73201de4a1d80aa66a6c8e0bb5d"/><file name="editor_plugin_src.js" hash="289b9a4ff7e6001d955eb8cb7bbbbbe4"/></dir><dir name="xhtmlxtras"><file name="abbr.htm" hash="e514d143e00e4b121cab8fe8dfae48d2"/><file name="acronym.htm" hash="ec632b3d4b6afb189c055afa234e6291"/><file name="attributes.htm" hash="cf540b962f752babf53faa7a47bde108"/><file name="cite.htm" hash="1468438313b9cb1de0e53e50d75c92fa"/><dir name="css"><file name="attributes.css" hash="abc1b941c6eef8e1ea76915984e8a03e"/><file name="popup.css" hash="ed53e7b6ab799f6a249c3d403047dcfc"/></dir><file name="del.htm" hash="81bbcce0d19d78698fad760ee90b6948"/><file name="editor_plugin.js" hash="c9f91af5f1b8a1ba7a1e4ccf53fc7790"/><file name="editor_plugin_src.js" hash="b8b8236893ef2347a46cb131fc1a8c69"/><file name="ins.htm" hash="47e7db25678cee383fe6532ebb9e3fcb"/><dir name="js"><file name="abbr.js" hash="d91ae7d986336de4ecb977d19dcfab19"/><file name="acronym.js" hash="0a19f79bdc9222d3273712fe37a8051c"/><file name="attributes.js" hash="e75f23fae888b9febb57a29f2eb5a86c"/><file name="cite.js" hash="ba39487ce6a625538b838c21502bbaa7"/><file name="del.js" hash="be96fef888076d27384dd3546e8b6b6f"/><file name="element_common.js" hash="b817f5e2d514147d72765c92c1f60f3d"/><file name="ins.js" hash="6148dd4151e58dcda9112933908b97b1"/></dir><dir name="langs"><file name="en_dlg.js" hash="45db1586e7debc385f63092a13a9f43c"/></dir></dir></dir><dir name="themes"><dir name="advanced"><file name="about.htm" hash="ff135857e9b930d4d4658f92077e051c"/><file name="anchor.htm" hash="79d46a2b007b5cb08a3920e922a5da7f"/><file name="charmap.htm" hash="be712e4cf08670a1212e9eed2f452693"/><file name="color_picker.htm" hash="99f410b8b66e85adf64ea211c5127030"/><file name="editor_template.js" hash="dff644a587caca6335374fd0a1c04029"/><file name="editor_template_src.js" hash="c26cd5975adee2adac6429cb0b625390"/><file name="image.htm" hash="2cb986c0cad7efd0592a4d8c35e41f0a"/><dir name="img"><file name="colorpicker.jpg" hash="9bcc36292defe94bca5a013a1736c7d7"/><file name="flash.gif" hash="33adee48d32bbbba3e6412cc54ecf335"/><file name="icons.gif" hash="7316b39211892b53eac6f76da7615461"/><file name="iframe.gif" hash="a1af02e9ba370f64297087b46e80591e"/><file name="pagebreak.gif" hash="48872075f721bf57a517e3275d61c0ba"/><file name="quicktime.gif" hash="61da1ff8729ca5016344c4e8eb173369"/><file name="realmedia.gif" hash="b9734ee16d790e67bea01046feba28b7"/><file name="shockwave.gif" hash="1ce7d48784981aac9d4375cf2effdc4d"/><file name="trans.gif" hash="12bf9e19374920de3146a64775f46a5e"/><file name="video.gif" hash="f85c56813ea016a75e496bba50d66ab4"/><file name="windowsmedia.gif" hash="c327cd167b3a7bc263d908b0d0154ead"/></dir><dir name="js"><file name="about.js" hash="606c16492a17240ebded6e9fce75a555"/><file name="anchor.js" hash="627d9e980a9857830d3f286a570f58db"/><file name="charmap.js" hash="02f40a38033ef8a0abeac870e5f4eda8"/><file name="color_picker.js" hash="ff64f7a46583672b2a7b8ab01cbd1136"/><file name="image.js" hash="dee28875c35ea494ee1f216d9b4c8e99"/><file name="link.js" hash="ba62151ce29f9af4387a172e72bde93f"/><file name="source_editor.js" hash="f1868bbc00bbeb955a231556a686d35a"/></dir><dir name="langs"><file name="en.js" hash="58c814313230f1dec07fe45ad5f304e5"/><file name="en_dlg.js" hash="0826e7057ce161dcde81bc806702b22b"/></dir><file name="link.htm" hash="65c56f5a6d714fdbdc47c68ec9422976"/><file name="shortcuts.htm" hash="2bae05c8667b54b9ec019b529e743327"/><dir name="skins"><dir name="default"><file name="content.css" hash="1779499935490440d7a2423157756bc5"/><file name="dialog.css" hash="416e2b0cfec24302f776fd406981a325"/><dir name="img"><file name="buttons.png" hash="33b2f2e08cc3ade5254fec64c4183558"/><file name="items.gif" hash="d201498a710fc8aac6e117820b9814b7"/><file name="menu_arrow.gif" hash="e21752451a9d80e276fef7b602bdbdba"/><file name="menu_check.gif" hash="c7d003885737f94768eecae49dcbca63"/><file name="progress.gif" hash="50c5e3e79b276c92df6cc52caeb464f0"/><file name="tabs.gif" hash="6473bbcd0a011e9fcdd9f777ef437410"/></dir><file name="ui.css" hash="e9173210d351fd582c989ea63b5f875c"/></dir><dir name="highcontrast"><file name="content.css" hash="8294a1222d0ab5fa7520879cc9073e85"/><file name="dialog.css" hash="993cbbb89ce26aebd0e2d8c0e76d6229"/><file name="ui.css" hash="2757658ddd28b0b808504d44a5a9a500"/></dir><dir name="o2k7"><file name="content.css" hash="c696812903368f41cd65616574c81484"/><file name="dialog.css" hash="d9604d9012c7ea890e01c6844a18f3f2"/><dir name="img"><file name="button_bg.png" hash="36fd9fbd748860f515df259443367163"/><file name="button_bg_black.png" hash="9645f90b37102a3618a52be18b74b02b"/><file name="button_bg_silver.png" hash="15fbf2b4a20dbaa86205af6764f4fee4"/></dir><file name="ui.css" hash="40bd4dac0b2bfa24d4c27b014addb2a5"/><file name="ui_black.css" hash="ba8d82d9bff6e2854b29b1f97ead05fe"/><file name="ui_silver.css" hash="b42c7d51247d02ddca437a1661e748e5"/></dir></dir><file name="source_editor.htm" hash="c4179815d5f73d0ed8091a96c570c2e2"/></dir><dir name="simple"><file name="editor_template.js" hash="3ac3fd3129ee9605052b8470f8d58538"/><file name="editor_template_src.js" hash="409e0cce50eb6c62463d6dd9c6120859"/><dir name="img"><file name="icons.gif" hash="273dad62be4d114c5d52210b50a5838f"/></dir><dir name="langs"><file name="en.js" hash="50dce0602a45ba9fac56f12f76a63ec3"/></dir><dir name="skins"><dir name="default"><file name="content.css" hash="0f70f3ca9624e252d1c41ea064fc65e7"/><file name="ui.css" hash="c46c68283c617bb61dada1cd2494dd9f"/></dir><dir name="o2k7"><file name="content.css" hash="eb7a087c67578b6e3b5e0987caa4ba64"/><dir name="img"><file name="button_bg.png" hash="405ca3d63b48667ef485553192507f59"/></dir><file name="ui.css" hash="f0ec0273462e01b81e1dfd292f64451e"/></dir></dir></dir></dir><file name="tiny_mce.js" hash="d36954c036035a210b27beb643295182"/><file name="tiny_mce_dev.js" hash="9585b8e6e9932319f41b2b16ac1e161f"/><file name="tiny_mce_jquery.js" hash="52aa374d4d1dbf05c4d16dc16b5fa263"/><file name="tiny_mce_jquery_src.js" hash="569dc6cff8c07eed0da26cb15f619b26"/><file name="tiny_mce_popup.js" hash="9a9c125814b9715982d246a1ee78084f"/><file name="tiny_mce_prototype.js" hash="840dd5e8300c567ecab96e4c6e24c5b1"/><file name="tiny_mce_prototype_src.js" hash="aa2c2dc8f82570ddc0f5b8f413169963"/><file name="tiny_mce_src.js" hash="519af9616ca187f05ed4a3c6e15aac82"/><dir name="utils"><file name="editable_selects.js" hash="e760eb21f60892a1ef2298da7df313e5"/><file name="form_utils.js" hash="579b2803ffca7953c50f53dcbef5df7e"/><file name="mctabs.js" hash="51b9bfe349fe76204ac5b65254bbef6f"/><file name="validate.js" hash="bfbaf5dc8058ff772afe2d87f4e82fbf"/></dir></dir></dir></target></contents>
    <compatible/>
    <dependencies><required><php><min>5.2.0</min><max>6.0.0</max></php></required></dependencies>
</package>
