<?xml version="1.0"?>
<package>
    <name>Lib_Js_Prototype</name>
    <version>1.7.0.0.4</version>
    <stability>stable</stability>
    <license>Mixed</license>
    <channel>community</channel>
    <extends/>
    <summary>Prototype and Scriptaculous Javascript Libraries for Magento</summary>
    <description>Prototype and Scriptaculous Javascript Libraries for Magento</description>
    <notes>1.7.0.0.4</notes>
    <authors><author><name>Magento Core Team</name><user>core</user><email>core@magentocommerce.com</email></author></authors>
    <date>2013-09-23</date>
    <time>18:30:58</time>
    <contents><target name="mageweb"><dir name="js"><dir name="prototype"><file name="debug.js" hash="d5990eabf728ade1f34496737455c8ff"/><file name="effects.js" hash="91e1b7d8c6043dff4eadbe054a90e3a7"/><file name="extended_debug.js" hash="cc706bc76bb1c5a2610fc296cd85e053"/><file name="prototype.js" hash="3b4b13dad33b475e11feb26fd3468ecc"/><file name="tooltip.js" hash="8509b04b1594b7e6382d7cfdf4ee1236"/><file name="tooltip_manager.js" hash="6b9759cbad296fda3c18d7669d6b5af0"/><file name="validation.js" hash="acfb21f1302a9960ee7eb85bf4ee2ed2"/><file name="window_effects.js" hash="3c0b47a0f3cd41753a3992d01c118c3d"/><file name="window_ext.js" hash="5ab45fe5f734927890c95b9d5547f47f"/><file name="window.js" hash="0f8fa2f5fda42d7c0890743e93685ed9"/><file name="window_readme.txt" hash="97306d2a8c4be2ec65f66d2ec233289c"/><dir name="windows"><file name="MIT-LICENSE" hash="a839f717f1675b571481268a4e4a4ee2"/><file name="README" hash="75b8b2e714cbcb48337540a451655967"/><dir name="themes"><dir name="alert"><file name="bottom.gif" hash="e859e3bc00c4f10360fa81a659aa673f"/><file name="bottom_left.gif" hash="53585b1a0351d599e76a85ccc26f7980"/><file name="bottom_right.gif" hash="8170abe3fec71fd17612869a2f036cd6"/><file name="left.gif" hash="4f235c4e6afb0d386d220638c49e4545"/><file name="overlay.png" hash="f4ddcee6f819975bc9c5643b570de6dc"/><file name="progress.gif" hash="86b1ac6d1c485d54efa3a53643e91ceb"/><file name="right.gif" hash="838ade41815529e7a63f99c93b3a01f7"/><file name="top.gif" hash="8702ca9b81c19f6220ce81c4ea215878"/><file name="top_left.gif" hash="a8c097bcb67bddf640c2bd9161b79476"/><file name="top_right.gif" hash="05ef4e1a417a5a2c81fc816406a4842a"/></dir><file name="alert.css" hash="27df86baae5a6fa2e3556bdf1b85ccc6"/><file name="alert_lite.css" hash="fbeaff8f185cd3b302f1a8db5efa0110"/><dir name="alphacube"><file name="bottom-left-c.gif" hash="434cdfc5298f33efb108264cf3370e1c"/><file name="bottom-middle.gif" hash="3f882dd32d57a29a785f448bbba5ed26"/><file name="bottom-right-c.gif" hash="4c37ad7b94fc901a1cfaf54a1742d5fd"/><file name="button-close-focus.gif" hash="99c44a6df2733b58083af7a4d9522116"/><file name="button-max-focus.gif" hash="408cd33fa89269b8395bf10afe69d456"/><file name="button-min-focus.gif" hash="ae06210658bad8bcc88dea377c4dc908"/><file name="frame-left.gif" hash="1bb1207b43425d214d4dc0da108f5449"/><file name="frame-right.gif" hash="8b9c36079881aa15c27a137666c56a38"/><file name="left-top.gif" hash="1ea936a090b4dfe8160fcb3a90ddb145"/><file name="right-top.gif" hash="e1b641feab640cb4207fa52160715e32"/><file name="top-middle.gif" hash="7f94c1018d023832c7c9e1fa468a9555"/></dir><file name="alphacube.css" hash="27c968911eaef53df158c55083ef0c84"/><file name="behavior.htc" hash="5588dff36ad5595f8353730e853044e5"/><dir name="darkX"><file name="button-close-focused.png" hash="5090b529a86a79679e0a26ccb0e1b0c6"/><file name="button-maximize-focused.png" hash="0f84bfcc9626d2cb1826291268b29f20"/><file name="button-minimize-focused.png" hash="630cd8cdd7124d412c6253e5c7cfc32a"/><file name="frame-bottom-left-focused.png" hash="8a34a3be2f349315dfd287ec15148332"/><file name="frame-bottom-mid-focused.png" hash="f1dbacdb64a19e00a485d426126f26db"/><file name="frame-bottom-right-focused.png" hash="17acb7874856dc68c3c017238d42054a"/><file name="frame-left-focused.png" hash="f30ab13888b2e48d0637991164a8f748"/><file name="frame-right-focused.png" hash="1115115c62507971b2f5eed3c2c5c2d0"/><file name="titlebar-left-focused.png" hash="491130dedbdbb3b2682f37424347b14c"/><file name="titlebar-mid-focused.png" hash="ae46975fc8a5e5a9f73f810d0c88809a"/><file name="titlebar-right-focused.png" hash="9560eb10dee94985f3ebe935833e2ae4"/></dir><file name="darkX.css" hash="16a964cfe57a2c979ad3d97831673b79"/><file name="debug.css" hash="63ee9aa7b7d80e0bb5e311407746ccd3"/><dir name="default"><file name="bottom_left.gif" hash="fb99ffa815a8648f95f42698fe5dfaa1"/><file name="bottom_mid.gif" hash="49b9ca7025562ea7f070a9111282364b"/><file name="bottom_right.gif" hash="e46768f632765cd86c5fe5d0166dcf2c"/><file name="bottom_right_resize.gif" hash="1b35a4ec3b734dfe37e31ba87bcc7d99"/><file name="center_left.gif" hash="bd567580b4ee16a7a2734057cfbbe219"/><file name="center_right.gif" hash="eef184d5d89d1710313581a2ccf408e8"/><file name="clear.gif" hash="7af1206eeb0e7834a75e69d70676060d"/><file name="close.gif" hash="8a08f243c37a8e25a88d4ac135b2f07d"/><file name="inspect.gif" hash="aa2a0961067aad5c54b8634919af863b"/><file name="maximize.gif" hash="e73cd71c4979ebeadeb9e27d40a9e8fb"/><file name="minimize.gif" hash="2d2f4b1bd0506f342425f80ab76c49a3"/><file name="overlay.png" hash="536d40e87cda0c7ae7b11f1721aa52d0"/><file name="resize.gif" hash="320f534b5d444b39701e0b679529e779"/><file name="sizer.gif" hash="1b35a4ec3b734dfe37e31ba87bcc7d99"/><file name="top_left.gif" hash="9c5e5920bfc189a45cc618099af93aa8"/><file name="top_mid.gif" hash="a12ff2b944025ad2d127d033dae5e9e1"/><file name="top_right.gif" hash="0cf1ec5b93f8ac8fcce0e2f72cf7f45e"/></dir><file name="default.css" hash="16014098f441d12d06c088135e2fde28"/><dir name="iefix"><file name="blank.gif" hash="56398e76be6355ad5999b262208a17c9"/><file name="iepngfix.css" hash="da3154c9a817850376f73a7976bfcb13"/><file name="iepngfix.htc" hash="b50c4e352a64254c5ceb6c63bcd0b176"/></dir><dir name="lighting"><file name="background_buttons.gif" hash="e66e67aaaf08a7b24f3cd1ba22584b42"/><file name="bottom-left-blue.png" hash="7c9e91d421945141315fc105d464a99f"/><file name="bottom-left-darkblue.png" hash="e88c2380acf403ee28597c6045988cc6"/><file name="bottom-left-green.png" hash="ee25ce8a12229b009fbfd91f7ba51e26"/><file name="bottom-left-grey.png" hash="5fdb3eae397ac7279aa5a7fdaad3dcc2"/><file name="bottom-middle-blue.png" hash="e93cc9d31d88f45c047a98a66be04354"/><file name="bottom-middle-darkblue.png" hash="763c88c424e0900e675042d3f0958bd4"/><file name="bottom-middle-green.png" hash="77e0a22afd2c55a83b5c7fa98a12ef25"/><file name="bottom-middle-grey.png" hash="3a2ebdeff74e2ff63c4471575568dd01"/><file name="bottom-right-blue.png" hash="0bc11a61047e8716451a283ebff897e5"/><file name="bottom-right-darkblue.png" hash="88e33ea702a304ae237edd57bc8447d6"/><file name="bottom-right-green.png" hash="7bce162df013eba43a659ae6e780ae4b"/><file name="bottom-right-grey.png" hash="86eb476492d911aac5688c9747fe7a1d"/><file name="button-close-blue.png" hash="42ae1a35caf8a9a275d6e748c27769fb"/><file name="button-close-darkblue.png" hash="50dbcd898dc519c1e6ac0d3a478978cd"/><file name="button-close-green.png" hash="b4273572fa91cba909a0a3e15b994d19"/><file name="button-close-grey.png" hash="124964b634ba67f2bb6dd08cf8cafd5a"/><file name="button-maximize-blue.png" hash="85b79237d85b09c205e09166dd8f4af0"/><file name="button-maximize-darkblue.png" hash="108d10619214e3365820aa4ab008aed5"/><file name="button-maximize-green.png" hash="90f5527705e4fd81997564e81c6ac2a3"/><file name="button-maximize-grey.png" hash="c46a8c014bd14be167f4c6a2f2dd52ed"/><file name="button-minimize-blue.png" hash="1fd738b99877a4dfa5656491cc3d8e6b"/><file name="button-minimize-darkblue.png" hash="b6d9da1cdf51ab54682fa75a6df2c40d"/><file name="button-minimize-green.png" hash="9e7d26298a0a49ffee3fbab6ea838e01"/><file name="button-minimize-grey.png" hash="0432701c2425cb3a5143d8a04bda0d87"/><file name="left-blue.png" hash="0a6acf0a863c04845a93b681769527cd"/><file name="left-darkblue.png" hash="44cdce8a75de4425d7eb7763092cc38d"/><file name="left-green.png" hash="d83116c49d62dc46bff0b7b4200b4ecf"/><file name="left-grey.png" hash="f3486d3293ae98b5edb8889c4b4082ef"/><file name="pngbehavior.htc" hash="b94c44e30423fd18a8b82bda5a139db3"/><file name="right-blue.png" hash="2c9b6b80d4a6b190b8e38a1c101e828c"/><file name="right-darkblue.png" hash="9b3267c5d36bb3f4588167cc3e78e569"/><file name="right-green.png" hash="4436968c2adbe6ed7c475c225631bc7c"/><file name="right-grey.png" hash="36b3de47bcbbd6b53e2f6e06843ee6e8"/><file name="spinner.gif" hash="c7b3cbb3ec8249a7121b722cdd76b870"/><file name="top-left-blue.png" hash="a5cb9eaa82f67df223d6784a52b26f1f"/><file name="top-left-darkblue.png" hash="e4a3af23d2cae7909331eb1995963c82"/><file name="top-left-green.png" hash="eb4cb604177c342998023d3dcd3aa5b0"/><file name="top-left-grey.png" hash="9f6f39abc4ae9539a0f54567a4a5d4f8"/><file name="top-middle-blue.png" hash="6d01df8637385bbe592b8df369294c8d"/><file name="top-middle-darkblue.png" hash="2c91ea6462e72a29cd07300d4102b88a"/><file name="top-middle-green.png" hash="e0f56311091bfb370fc6783fc7e71068"/><file name="top-middle-grey.png" hash="8c02881b730d602589fe9ed4bcaeb689"/><file name="top-right-blue.png" hash="4afefb06dc63c864211724a6348f25ad"/><file name="top-right-darkblue.png" hash="d8a9031987f648f170af67023179618d"/><file name="top-right-green.png" hash="b38813f9200440051273bdd622f5e545"/><file name="top-right-grey.png" hash="d7f7332ddf8686fb9810e4170767bf52"/></dir><file name="lighting.css" hash="d13de730c8ee7ef04167d361bdf8eebd"/><file name="mac_os_x.css" hash="65204ef34c1eeff0be29c53b0614076a"/><file name="mac_os_x_dialog.css" hash="0b7cd9d6a9e8f940f50bc4a080f54b1b"/><dir name="nuncio"><file name="bottom_left.png" hash="d9be5c7b432a342c6da5ef9b10148267"/><file name="bottom_mid.png" hash="facee2e7ee7c572a8f412750b0ce5387"/><file name="bottom_right.png" hash="6f3c124a066a11ff225897112de8e9d7"/><file name="center_left.png" hash="a11bee83f99addccc0d5eff3d2e82b8f"/><file name="center_right.png" hash="bf6b023ad1751d5f60f9820eea72ac28"/><file name="close.png" hash="46744062a7b54416c8767f8e0ccf1c41"/><file name="minimize.png" hash="bc911a3e90fc0640e0899856759a5e01"/><file name="overlay.png" hash="5ccd88855e923eb8a1bd9da1dec9d7fe"/><file name="top_left.png" hash="d3105aacc2c69954df11af953875a12e"/><file name="top_mid.png" hash="cb679a8c77e9b7485b5f0eca547eb103"/><file name="top_right.png" hash="e65d6fc6bf53891c487e414db16f1038"/></dir><file name="nuncio.css" hash="e30e31b94d96b0b27c80ad6d943d7010"/><dir name="spread"><file name="bottom-left-c.gif" hash="84641d08576f68a11f717103365dfb83"/><file name="bottom-middle.gif" hash="20ab265c67355c5b72cdcdc8739af555"/><file name="bottom-right-c.gif" hash="cb27b72623e997badc599e76024a6e44"/><file name="button-close-focus.gif" hash="99c44a6df2733b58083af7a4d9522116"/><file name="button-max-focus.gif" hash="408cd33fa89269b8395bf10afe69d456"/><file name="button-min-focus.gif" hash="ae06210658bad8bcc88dea377c4dc908"/><file name="frame-left.gif" hash="63dc99b0c4ba0518688f7eca1f1628ca"/><file name="frame-right.gif" hash="a03585eec830f37898c7041d557dafc5"/><file name="left-top.gif" hash="7c78b8b59976d19191acf940cbfc04fb"/><file name="right-top.gif" hash="597530287fe1dc491278f855749f7e01"/><file name="top-middle.gif" hash="fa6fd6b90945c47f8d1718d9139d0a75"/><file name=".gif" hash="9dd39829e7cfdd06f3317a931bdc177e"/></dir><file name="spread.css" hash="a804413d7f1f9550c134477f6f9219ee"/></dir></dir></dir><dir name="scriptaculous"><file name="builder.js" hash="1174f6fc34ca5d54ba10b0c719386e7c"/><file name="controls.js" hash="8c414e1787c0ac9f10b16b252361c8b2"/><file name="dragdrop.js" hash="046759400db7a6096376e50110104edd"/><file name="effects.js" hash="d795089f95a22306cca9b337c439c65a"/><file name="scriptaculous.js" hash="d59eba4e0b14b672208b0862ae1c2196"/><file name="slider.js" hash="6043f96a71d2685fecd02e2ab99e84d9"/><file name="sound.js" hash="0f0fab23fa2cb1bc7717fd2bdf45402e"/><file name="unittest.js" hash="99969698b22272f77bdf4c64586862b3"/></dir></dir></target></contents>
    <compatible/>
    <dependencies><required><php><min>5.2.0</min><max>6.0.0</max></php></required></dependencies>
</package>
