<?xml version="1.0"?>
<package>
    <name>Lib_ZF_Locale</name>
    <version>1.11.1.0</version>
    <stability>stable</stability>
    <license uri="http://framework.zend.com/license/new-bsd">New BSD</license>
    <channel>community</channel>
    <extends/>
    <summary>Zend Framework Locale</summary>
    <description>Zend Framework Locale
splitted from ZF to avoid memory overruns during installation and upgrades</description>
    <notes>1.11.1.0</notes>
    <authors><author><name>Magento Core Team</name><user>core</user><email>core@magentocommerce.com</email></author></authors>
    <date>2011-02-08</date>
    <time>16:02:25</time>
    <contents><target name="magelib"><dir name="Zend"><dir name="Locale"><dir name="Data"><file name="Translation.php" hash="5963920fd6ae02184a92f238a0ca61f2"/><file name="aa.xml" hash="bbdbfa435892a2baa2f1d3657355e199"/><file name="aa_DJ.xml" hash="75a6b5261c62689efcf6d57d17e515ec"/><file name="aa_ER.xml" hash="d8606c5b614150d1b7d8e943938442b5"/><file name="aa_ER_SAAHO.xml" hash="afc11539b6739d773c4263990ebd0ae3"/><file name="aa_ET.xml" hash="cffeecce4a64a60754165a259ac327be"/><file name="af.xml" hash="35170c24408a839285f9613a666dd7bf"/><file name="af_NA.xml" hash="853d03c7489add435081a72a8b366ab6"/><file name="af_ZA.xml" hash="d1da6ac08f4272ef4f83bce415c8b4f9"/><file name="ak.xml" hash="19e9874b42ba6feb36b43803a290c7e1"/><file name="ak_GH.xml" hash="28fec6276ad21df029aa49b3b2ddc148"/><file name="am.xml" hash="8f6586d7bf79b556ace64e14ad3fd264"/><file name="am_ET.xml" hash="61af70992febd328cbf7272065778950"/><file name="ar.xml" hash="b415511a5ce4fdac29d9ac7d6565edf6"/><file name="ar_AE.xml" hash="3a4f71d7047b62528075a1011b7b05e8"/><file name="ar_BH.xml" hash="cff9e9a6cdeb8a6b3ff830c4ac7026c8"/><file name="ar_DZ.xml" hash="e2e99621ec853cd6d30a39ffb359a748"/><file name="ar_EG.xml" hash="e0e9b08a06fb9efd70616dd0a3ea2b6b"/><file name="ar_IQ.xml" hash="ec69e499c017de339f7150f0beb269af"/><file name="ar_JO.xml" hash="64a856e15503c055be3d8baf76b8a998"/><file name="ar_KW.xml" hash="813145268388e1052698e7e18663b5b6"/><file name="ar_LB.xml" hash="ce25f64c68fd3590aea0bbdfac5c4862"/><file name="ar_LY.xml" hash="46cae1a94f5d1d51e010ec95a1841f60"/><file name="ar_MA.xml" hash="3bc5622907825992561ff68588faeb8d"/><file name="ar_OM.xml" hash="d46b4830327cdab456b65c6259849fb0"/><file name="ar_QA.xml" hash="3983d5af8bc039b6b3dfada3357afcca"/><file name="ar_SA.xml" hash="f0e08a1d2f714219188486f7cff528dc"/><file name="ar_SD.xml" hash="dff06f6ab5e56e720329d30e57c4ffdc"/><file name="ar_SY.xml" hash="05c035cd3299dc89690fa0688408580b"/><file name="ar_TN.xml" hash="f318748f9bf1fe6c4fa931344fb07648"/><file name="ar_YE.xml" hash="288d05f917ff9a900711880fa89a25d3"/><file name="as.xml" hash="ed59044961dc79c7480057eafa1d17f3"/><file name="as_IN.xml" hash="8488623e8c0c3105a0c98df708b23621"/><file name="az.xml" hash="e62ddd2c6a1b0d87ff8712b6a9c45d8e"/><file name="az_AZ.xml" hash="375d68113b4c52ba0445122db23c9cd6"/><file name="az_Cyrl.xml" hash="9392751a6e16e7006e5d2383468838ee"/><file name="az_Cyrl_AZ.xml" hash="f4fe173b3ef2097a88cda4efcc00581e"/><file name="az_Latn.xml" hash="030c97ce32f797b2ebfa540080f7d1ed"/><file name="az_Latn_AZ.xml" hash="1cb6a2d642f68d82f95f778370bdae9a"/><file name="be.xml" hash="76fcf7fc4fbe61e902b8991cc9d5bc0a"/><file name="be_BY.xml" hash="b10535da9eb809186725ec4a01fbe45e"/><file name="bg.xml" hash="3fc2817ac2d37103376103f6f7985181"/><file name="bg_BG.xml" hash="5f09566d578f2f0ac2018afa2bb46702"/><file name="bn.xml" hash="8cb2da251d544fb3d35736edfae5c9c8"/><file name="bn_BD.xml" hash="2e6ea345587054003764b3d1baefe9cc"/><file name="bn_IN.xml" hash="586f409074e0b4357bbd0899b15790c3"/><file name="bo.xml" hash="227a469f96a42ed16b2d1f4c536e6249"/><file name="bo_CN.xml" hash="61da3288c70fb9ae0a414a2084293ed8"/><file name="bo_IN.xml" hash="d83c87862347aac870c5af78f3e76ddb"/><file name="bs.xml" hash="64107c5b9726d390ce7efbec6b08e985"/><file name="bs_BA.xml" hash="883ecbb1f4d5710f6ae4c458e0161343"/><file name="byn.xml" hash="8cff36eb0d3583de7b8a9bb0f3db4828"/><file name="byn_ER.xml" hash="3087e8a4218811a29390bf14e7238409"/><file name="ca.xml" hash="56db1bb32d0b21d05ad5c906326daa64"/><file name="ca_ES.xml" hash="b83d606d9cc2e45203e35d8720fc8614"/><file name="cch.xml" hash="9b76c944acba781a86fd89859bb28de9"/><file name="cch_NG.xml" hash="cbee9897ba1a31ed5d4e197bb352b8d6"/><file name="characters.xml" hash="0489811c6b1e2ea4db225017bc4f659c"/><file name="cop.xml" hash="6ce34f53133f13e20c2c2a4b4cac2511"/><file name="cs.xml" hash="b5b8311a7cb848d3380847031a61f531"/><file name="cs_CZ.xml" hash="5a3293921afc25fa421ca3b4471e3b9c"/><file name="cy.xml" hash="0fe01a3a315fa93bfa815f31f7bd32a7"/><file name="cy_GB.xml" hash="a33383ed927c4b3fd00f88e90471ce6a"/><file name="da.xml" hash="90e41834bc718720888d18a18524d5ce"/><file name="da_DK.xml" hash="ea681d8f9ca9233331349c62e9fff0aa"/><file name="de.xml" hash="1f096e683b6e4af4d0645a8c251bf9b2"/><file name="de_AT.xml" hash="319569cf1c2e0638f2b8603c011ca0de"/><file name="de_BE.xml" hash="982053d7e4975f05fc015550763c0c9e"/><file name="de_CH.xml" hash="f44605c42756c778d3d0defce94c7d8c"/><file name="de_DE.xml" hash="e596de046ded89fdccb592e1f55a33e1"/><file name="de_LI.xml" hash="8ed27ea626ffbf9a3e9d4a6d696fe905"/><file name="de_LU.xml" hash="9f4be57d5cbacf817704c51c8a0ec1d6"/><file name="dv.xml" hash="84f1f93eb8041df74e3f576f1d475c63"/><file name="dv_MV.xml" hash="76ad1d3563336b895f8a6180f9f249ca"/><file name="dz.xml" hash="8d971d772c3b08088a3d95adfc2d7228"/><file name="dz_BT.xml" hash="eeeda9a4b77d974886df7eb3978a4b48"/><file name="ee.xml" hash="614136854427a3fa6ad2b4c7dc586980"/><file name="ee_GH.xml" hash="76caa990b8eada03d31ca83aad37b3dd"/><file name="ee_TG.xml" hash="438496c5c07d978f0d18fdfac9d82652"/><file name="el.xml" hash="7701a1bfb2356dccda2dbecf5f550513"/><file name="el_CY.xml" hash="005d80ef3e25b436bf26b6de8ca8742f"/><file name="el_GR.xml" hash="2ae7d941073382eb6ae8e34e07ca6e53"/><file name="el_POLYTON.xml" hash="e31731b869bc12875a6e3f43c3bf4e25"/><file name="en.xml" hash="ab0d3866b9fe749b280ab4d9daa3167d"/><file name="en_AS.xml" hash="2e35de787cf9eb927d3f98d473d87ca3"/><file name="en_AU.xml" hash="b3c941db86d3d8ce933395f1f4d32a09"/><file name="en_BE.xml" hash="9c6bf6784005261b1434a904514b1ee7"/><file name="en_BW.xml" hash="1de0defc79f18d89f5eee4d20b51e23e"/><file name="en_BZ.xml" hash="d26b692a9c378ac917d2e3eb2f212075"/><file name="en_CA.xml" hash="6cde7d6fa3e3a8422e7725d7efd183c2"/><file name="en_Dsrt.xml" hash="6368d99e2741186eb2e285e6bad440fd"/><file name="en_Dsrt_US.xml" hash="21320dcded6b7d9be8508cf3f74581a7"/><file name="en_GB.xml" hash="2cf53bbbb5dd7ce1e9d66110118fd63f"/><file name="en_GU.xml" hash="877e01f192fc6452a6c072ab49fe8792"/><file name="en_HK.xml" hash="e0bdcdfb140e676e444a60423708120e"/><file name="en_IE.xml" hash="095899ec5fb1386157856853551b40d7"/><file name="en_IN.xml" hash="4f659b7fef37c6a13b33a5a54de6b61f"/><file name="en_JM.xml" hash="eb7a382a310f51748d41e37f02dc744c"/><file name="en_MH.xml" hash="1015c02e21e5f36e9b2c7080094e2b1b"/><file name="en_MP.xml" hash="5b2466a590c61e2064c84d0444f75234"/><file name="en_MT.xml" hash="d935836b225630a883db8eb7acc8e2a0"/><file name="en_NA.xml" hash="70e2c2491c8af7c8da40afc565ed07fb"/><file name="en_NZ.xml" hash="4aa9f56ffba256bde2126653469e611c"/><file name="en_PH.xml" hash="f747de90b285f478f865e6e7b06f0789"/><file name="en_PK.xml" hash="9d7c9dacefcb1a83f477b4337347f733"/><file name="en_SG.xml" hash="93cf70843a11587ab46efed90505b919"/><file name="en_Shaw.xml" hash="017fe9749d27feb8e7f22d9602ecb1ea"/><file name="en_TT.xml" hash="02ef5df63a4b45bd1b82ad035754ad62"/><file name="en_UM.xml" hash="a4aa81d79cedb089ee987f0434eb98cf"/><file name="en_US.xml" hash="1ed18e62d4ae9e1c9d66164fdfdf7320"/><file name="en_US_POSIX.xml" hash="a5460e0acaf7638ea1a18420079664e6"/><file name="en_VI.xml" hash="c8b284cf472b538dde6d9be6b52616fd"/><file name="en_ZA.xml" hash="b241558af1a2b38dabc35f0a1b2f2549"/><file name="en_ZW.xml" hash="74dab54d6013a3bc7bd3af2dc047346d"/><file name="eo.xml" hash="fca399fa5870ddfd9613f11664c58e33"/><file name="es.xml" hash="8ddd9f42aebe9c8645a7952eaa5da970"/><file name="es_AR.xml" hash="9efb5a18c271a3be2401d2efaba00ffb"/><file name="es_BO.xml" hash="cb0e454985d10ef54da0e4bcb110f812"/><file name="es_CL.xml" hash="d806e2a5960945ad386911434fdd8ed8"/><file name="es_CO.xml" hash="bbc3e6db4b6bb12d040c7cdff95c68d0"/><file name="es_CR.xml" hash="213e1870d25f1435663cc5184e178d8f"/><file name="es_DO.xml" hash="d7bcedf2ea1a59793f458d6259bc6b81"/><file name="es_EC.xml" hash="d90b59d241c15394c1ca5bf1752fd943"/><file name="es_ES.xml" hash="ea59bb2182efd5614a63c0780f916372"/><file name="es_GT.xml" hash="8b706b4d8464bef7d9f7c9d9d76eb0c5"/><file name="es_HN.xml" hash="ae275561b014d6c39910758d3bca7764"/><file name="es_MX.xml" hash="a32cf656b0115c3e4490480438d0fccf"/><file name="es_NI.xml" hash="8fafdf71d4ca1a6286d0d5ac265183b1"/><file name="es_PA.xml" hash="5ef169c64fab995f0fd9ee344af2ee5d"/><file name="es_PE.xml" hash="c0b8a7acaf122763e0a8684ad4c3b226"/><file name="es_PR.xml" hash="6451e3ea3d8afcd133ab6db2077da2a7"/><file name="es_PY.xml" hash="9d717499b81d277c9cd124e1ee395869"/><file name="es_SV.xml" hash="af8c23f7e5087e286ad8aeedc12b9833"/><file name="es_US.xml" hash="9683facbfc7bdd68457dee294e179dcc"/><file name="es_UY.xml" hash="9cf439149e5157a5e733285aa18a8150"/><file name="es_VE.xml" hash="81282e0291910abafbf5c90fd8c0177c"/><file name="et.xml" hash="7a0a2bcc883a352d4b1e559c6d1edec6"/><file name="et_EE.xml" hash="838b41a34b65186ecfcf4298a9a22e41"/><file name="eu.xml" hash="0db0d8dcd71b382f43dd3309221ee3ab"/><file name="eu_ES.xml" hash="d98e9dbce5a02faa13598130511e0be7"/><file name="fa.xml" hash="ce588c6ffd0a5d9331268c2806193f5f"/><file name="fa_AF.xml" hash="57ca277de1b28ccaef080a58f0373160"/><file name="fa_IR.xml" hash="38060b519d60446812286f46eb33ae65"/><file name="fi.xml" hash="deb69c3d6c4ceeeb41bd5c5649c397a2"/><file name="fi_FI.xml" hash="35be71f13ad854093cb83727cc6ae3c0"/><file name="fil.xml" hash="aa4e1ab85edb3c9fec1950becb4f0779"/><file name="fil_PH.xml" hash="26ad615eaba0a83175928c788c9a2e07"/><file name="fo.xml" hash="e24f0d19f171983c2c7e830a7f53387e"/><file name="fo_FO.xml" hash="13e885fd871c7353c0ed3e4922725463"/><file name="fr.xml" hash="4b1228988f71c46efc86d48d5089d750"/><file name="fr_BE.xml" hash="2b1935cec3a440d3f38356aaa329b50c"/><file name="fr_CA.xml" hash="8dbf9fc7b8db3891c932e87581b133a9"/><file name="fr_CH.xml" hash="5a4528c7c2069456cea6cf1771a0e41f"/><file name="fr_FR.xml" hash="412271b1bddcbbe112b71b2b5ec96b95"/><file name="fr_LU.xml" hash="2351a6396ad90f331026103f9c8e0427"/><file name="fr_MC.xml" hash="a5dd7b34215445f65395a8d81054242d"/><file name="fr_SN.xml" hash="9c370f7886c20526a90a774b323159be"/><file name="fur.xml" hash="8700d43897d941d0b5b4636fb4888817"/><file name="fur_IT.xml" hash="348ff63119715d24ce4a58f8a3adccd8"/><file name="ga.xml" hash="cc1a5685830c146b7fe0fcd1518977eb"/><file name="ga_IE.xml" hash="89fc642150be9743e5ac3233d42fc6a5"/><file name="gaa.xml" hash="235648e0ae0cd081daae0acb50f866ad"/><file name="gaa_GH.xml" hash="d8b47ae51e42c1a7f5a2659c627f4c8a"/><file name="gez.xml" hash="f386220e35c8940dd79ecc59001b3286"/><file name="gez_ER.xml" hash="2b2c2e0179c8bce34361e08a276a07ed"/><file name="gez_ET.xml" hash="daf03efc7c8dbbdf9a1a59a15f470191"/><file name="gl.xml" hash="277b166dc07df9b5fdf25e57d20c7190"/><file name="gl_ES.xml" hash="941a98127c1c3814b32b6d0a4fb3f7be"/><file name="gsw.xml" hash="248a096fe056abf4178ea17912cb599e"/><file name="gsw_CH.xml" hash="341fcf3540c64189ec223ac5f8cc509a"/><file name="gu.xml" hash="1ceeca54b74bf1ba4dfb8dc386b14cc5"/><file name="gu_IN.xml" hash="d5cec32d8b54a7f57357f2003f267ae8"/><file name="gv.xml" hash="5e8b07896073b261929514384b2afc24"/><file name="gv_GB.xml" hash="75840ba1b0f795e6769706a1accb95cb"/><file name="ha.xml" hash="9327a7e1593d5112d0e520f71bade889"/><file name="ha_Arab.xml" hash="c277f7f4cb48c8c3ab9a2b142410624b"/><file name="ha_Arab_NG.xml" hash="33cec7be45a9dd2c98eb469f3a4ef4be"/><file name="ha_Arab_SD.xml" hash="a723c186760429d5c7e17e3f7b75cf6b"/><file name="ha_GH.xml" hash="af17b1ceaf6d20796c2734c499d3dfa8"/><file name="ha_Latn.xml" hash="97fb1258b38e05d97581d975673a844d"/><file name="ha_Latn_GH.xml" hash="4633af39da00dd4c62961dada729345b"/><file name="ha_Latn_NE.xml" hash="298fb3d91f49180135fcba40a89a15a7"/><file name="ha_Latn_NG.xml" hash="e8899e744f38ed9b3b5364126f72ddda"/><file name="ha_NE.xml" hash="cf6223ffb8dff905a5059c9fdb6b959b"/><file name="ha_NG.xml" hash="d60e8de191851b95388f159e00b94805"/><file name="ha_SD.xml" hash="5b51b2b80908335f1238ba77f50ba47a"/><file name="haw.xml" hash="26f7e631028c7ddb84127e8ac96c2f83"/><file name="haw_US.xml" hash="a9b06e7ecd3afce17721ab614f73e1c6"/><file name="he.xml" hash="bb1608e365c2deb3e2b0cc669716d6cc"/><file name="he_IL.xml" hash="63a9b1144f33ef18ef5818e4acab4f40"/><file name="hi.xml" hash="71166cd7cb11d27d8de09dcc614f4aec"/><file name="hi_IN.xml" hash="127fd26a331c5e6b1a77be00c3744e0d"/><file name="hr.xml" hash="46853e04f942c4ae0c2c1386eb457a5c"/><file name="hr_HR.xml" hash="709f70182017b221823205f17358b896"/><file name="hu.xml" hash="6633d5e7d07fc38d54d2831906d1b751"/><file name="hu_HU.xml" hash="1e619a9d91ec0ca3357ecd26c7a5ac52"/><file name="hy.xml" hash="7143eb4b52277e8e334201fefc9a62f7"/><file name="hy_AM.xml" hash="605006b51e75aafae134150888cdd1da"/><file name="hy_AM_REVISED.xml" hash="a8893ba87f2a776a8f24c1b5e10442e9"/><file name="ia.xml" hash="35b7c66addecae14bb27b47a65f84d9c"/><file name="id.xml" hash="5c67b57cff43376851702b343aeff1bc"/><file name="id_ID.xml" hash="b9f763fafe0b974e8e13b3156882a424"/><file name="ig.xml" hash="c9f308c4c308b368fc0a3b6c4cec24d5"/><file name="ig_NG.xml" hash="0838054b9af97c075bcf559832bea3c1"/><file name="ii.xml" hash="4d56b7f4bc9e25e35945261c26c9cf16"/><file name="ii_CN.xml" hash="2a237fe64250512ab37b277d8ed06536"/><file name="in.xml" hash="3044e542367661591059af4ae9efb1ec"/><file name="is.xml" hash="b50135fa67363485d3c0d9255a31fe3b"/><file name="is_IS.xml" hash="4be68f70c8860e5c191ab36fba0f4b23"/><file name="it.xml" hash="9f24c86aa41fbf0ab62a27b94a0e6ae8"/><file name="it_CH.xml" hash="f97d369e4e1caf9d652f6155db06b888"/><file name="it_IT.xml" hash="31db1a780448c8a4c2616cc0c2ee3b33"/><file name="iu.xml" hash="4ed6a2da93a84ec248c6271a0f7225b7"/><file name="iw.xml" hash="edf66433c47c515869d5b81973cc1ea2"/><file name="ja.xml" hash="35e0efe2d2c7ea66589d14cd5c336b9d"/><file name="ja_JP.xml" hash="399c1cdbd9236ffaa2c7883e3c61bb8c"/><file name="ka.xml" hash="3d7a83a59179bb0c773a7803af4e165d"/><file name="ka_GE.xml" hash="d6b81fa0d408c3dfe94bffaf92730c1b"/><file name="kaj.xml" hash="de0027d4bd6eb3857ff7ef425aa52149"/><file name="kaj_NG.xml" hash="8dc0276a54936ccc9bf5d0f036fbd9ac"/><file name="kam.xml" hash="ce685afb0e8e5639989f2e1b6ae3afbd"/><file name="kam_KE.xml" hash="b5e96ba69fd3021f1735744f92ca14c8"/><file name="kcg.xml" hash="cd6b50de9a79129abda886522e0ca9d2"/><file name="kcg_NG.xml" hash="744e856b4fd2526c2565d0da22ca76aa"/><file name="kfo.xml" hash="1ba6dff1874f610b2f4d5b5a89df30e6"/><file name="kfo_CI.xml" hash="666418b53d9f9e19a38f4b1755dbb4eb"/><file name="kk.xml" hash="b1e840877a8271202a4d210d3e654c12"/><file name="kk_Cyrl.xml" hash="df1254db7b57c5662e7c19c90ce89544"/><file name="kk_Cyrl_KZ.xml" hash="d68e6a1d0a938c4543bac524b4044fea"/><file name="kk_KZ.xml" hash="82d1f2bcb5810af5d8df2708f1ed1946"/><file name="kl.xml" hash="30c4add313bfcab4b9087bc0e84f7ec0"/><file name="kl_GL.xml" hash="a095a29dfc68c26b5773f367b1880925"/><file name="km.xml" hash="da6195f5728483435634c362988c4c34"/><file name="km_KH.xml" hash="ec4ee5208f595eaa9bf6057b32b3726a"/><file name="kn.xml" hash="e4bb04a204d2ae4af9fb6db4f058da39"/><file name="kn_IN.xml" hash="418fbdabc3a5e5b8a1ffd1a5cac30e62"/><file name="ko.xml" hash="c3894236bde348ebaf5a976f470e658a"/><file name="ko_KR.xml" hash="f5da1450c42c5176178d572cd652beb4"/><file name="kok.xml" hash="4d5c1bbded4cb8d3b6036851faf82a82"/><file name="kok_IN.xml" hash="3fd80a3c3375a9595d1b5e0c18677cc7"/><file name="kpe.xml" hash="923914e87c27a83616496f9343d87b93"/><file name="kpe_GN.xml" hash="f92163811f6c00edb98cda3cc690b914"/><file name="kpe_LR.xml" hash="db6b688c3fd445803056375f89903546"/><file name="ku.xml" hash="0f8844c3bf0e64d2bfa4f28e98cc0bb0"/><file name="ku_Arab.xml" hash="68397ddeaa9052510b42bdab09ffc501"/><file name="ku_Arab_IQ.xml" hash="4850ec014f1367cfb249d7b41b1cbc03"/><file name="ku_Arab_IR.xml" hash="409397f2403f8d344047e7da4d2b6084"/><file name="ku_Arab_SY.xml" hash="38103a93fa39d8758a4fcc221a63df91"/><file name="ku_IQ.xml" hash="37082aaeffa1a45a811a061e3c5a460b"/><file name="ku_IR.xml" hash="3fbfe6e8a0e1c325cb2d9752a9848661"/><file name="ku_Latn.xml" hash="a3d10f2f65e5dbb31faca5b65de72520"/><file name="ku_Latn_TR.xml" hash="fbf3aa44abecb0271170f51f34e6769c"/><file name="ku_SY.xml" hash="bdc1fa4cac8d10f0524e34e0b6828544"/><file name="ku_TR.xml" hash="d21471a7b604ddbb66a1f6dadd2c13cd"/><file name="kw.xml" hash="148d1b6e5720f6e8dc4c0590f283ddcb"/><file name="kw_GB.xml" hash="8883d4035af7ae36bd6546618e669491"/><file name="ky.xml" hash="1139f0f46ae2b5bca9669f951416f301"/><file name="ky_KG.xml" hash="0e081a68ec456629ebb7974fcadabe39"/><file name="likelySubtags.xml" hash="fac0ce67cd64fd52da65c5a1628480bd"/><file name="ln.xml" hash="66b326ca1b0452c09cca166f128f7a02"/><file name="ln_CD.xml" hash="2f51dd00bd21114680834f9232df0fc0"/><file name="ln_CG.xml" hash="a1e7d0c568921342243b608250cd32d5"/><file name="lo.xml" hash="54e686fe02aca37774e0950875ab6a2d"/><file name="lo_LA.xml" hash="bb33888f7aa3b8ef2fedf6eb692dfadc"/><file name="lt.xml" hash="c7bc14a86e05108e8e758a5217fadd9f"/><file name="lt_LT.xml" hash="3e9035751865f9e6be2e8335736da8ec"/><file name="lv.xml" hash="5dc4bf5ccbb1f9a7bc088a47baa95df1"/><file name="lv_LV.xml" hash="08b156de265b56b7f1018098322d3234"/><file name="metazoneInfo.xml" hash="bd3daee7860ad0f43bf20010e7bf2532"/><file name="mk.xml" hash="9d646f672391b8cded2f9e89bb4cb9bb"/><file name="mk_MK.xml" hash="a7544cac0dd5927ebab1def6ec06bb20"/><file name="ml.xml" hash="d40c5401a11ea7da49a0c4b6348ce70e"/><file name="ml_IN.xml" hash="e637fc70a096d4e827c9141b93763158"/><file name="mn.xml" hash="139a29d4ea1cd0e7e07ed494aa7553fc"/><file name="mn_CN.xml" hash="d832406defff2ae285fc55039fb8bf96"/><file name="mn_Cyrl.xml" hash="26ef820919f8a52e0dc56d27eff7d69e"/><file name="mn_Cyrl_MN.xml" hash="b9b06c0ab30a00bd6cd34c391909d1b5"/><file name="mn_MN.xml" hash="b98ece0df5be5f0de847a5ad2403036f"/><file name="mn_Mong.xml" hash="8b24025b1a2ad87189ae649826aab481"/><file name="mn_Mong_CN.xml" hash="3093369871fd3e0b64039b89e95988ad"/><file name="mo.xml" hash="a22058ee4fae9bd76a36ea068b4f3670"/><file name="mr.xml" hash="fb472e46b55620ee00470ee0d29cc789"/><file name="mr_IN.xml" hash="c6faa0acc05614f47d9cc179622b55fb"/><file name="ms.xml" hash="00fb6c412ec6253c7581d2ad4cdc4eb7"/><file name="ms_BN.xml" hash="9e31126d4805844a10e2c571c8cd539b"/><file name="ms_MY.xml" hash="f4c96fb6be925e69a51f8d9970e629f0"/><file name="mt.xml" hash="f71b3a7a61075e72d649a3416167c9ba"/><file name="mt_MT.xml" hash="54cb4e0759402234727dc31323d5ba05"/><file name="my.xml" hash="c9c85aae889328972cc3c4b0bcb282aa"/><file name="my_MM.xml" hash="6b8998d33f4ab505eb5531a21e4a487b"/><file name="nb.xml" hash="f6349c75f2e56299b88ac3509fb1dc14"/><file name="nb_NO.xml" hash="14a3a892b35d71b8ce34e6b09f83b1c8"/><file name="nds.xml" hash="28a2fc4b537e5332363bf34a4d4cb750"/><file name="nds_DE.xml" hash="64b9eab9cc1670a7e9eef9dc24a57bcf"/><file name="ne.xml" hash="9b8897070653bb3ad857c4dc2394a35d"/><file name="ne_IN.xml" hash="7cd76870bd8d7c155a57e1120cb276a4"/><file name="ne_NP.xml" hash="0d55143bd6ccc29f6aae464df2f32b49"/><file name="nl.xml" hash="32805cda6a6821665abb2f6be1447862"/><file name="nl_BE.xml" hash="e30997f6c81cc3a97522030f7b1f202f"/><file name="nl_NL.xml" hash="8efb80164d4712185437bc8f06d2ad6b"/><file name="nn.xml" hash="16a37e238ed08c2b0fa8b505d9a6ba01"/><file name="nn_NO.xml" hash="6fe7bb43b5170b2994bfc271bc771327"/><file name="no.xml" hash="f0d90670484dd23fe05772ac2e15382d"/><file name="nr.xml" hash="3403f308a2bc9110579d0d97c9380234"/><file name="nr_ZA.xml" hash="c8c2548dd7b885eb97e1e6d10c3c504b"/><file name="nso.xml" hash="3b490f40b11a82728c890e14d2fc8076"/><file name="nso_ZA.xml" hash="46daf03827c9166bf44905d30e8cf590"/><file name="numberingSystems.xml" hash="cbcd70a2b73f574768aac661e11e07ff"/><file name="ny.xml" hash="bdce1e96a4c913a8dffcb1b8dffb3bb5"/><file name="ny_MW.xml" hash="9238a627cf47a2d696656e221d4a597d"/><file name="oc.xml" hash="0b674c8e7698dd8cfa329df02c4844b2"/><file name="oc_FR.xml" hash="5ebcae8b7d7e8e36dec03313bb6e50c9"/><file name="om.xml" hash="95344cb4d6b7af362d1df2a3c6554c89"/><file name="om_ET.xml" hash="eb04cf6a653a227eaa9de0b86879b645"/><file name="om_KE.xml" hash="48d3be97b34ba403cefd873d4e602cb9"/><file name="or.xml" hash="61334ddf30f86a678aa482545d5df1bd"/><file name="or_IN.xml" hash="a97b69213ac3e3a95312e6850f6d24d3"/><file name="pa.xml" hash="0c432aa6d7cd3114688b4d707adab724"/><file name="pa_Arab.xml" hash="41fb0dc457f8e7c46859042f3395b05a"/><file name="pa_Arab_PK.xml" hash="c787fe1a50047bf897d1fa1e5189d8b2"/><file name="pa_Guru.xml" hash="4ad746f636c72c9282a6e7616dc11ea3"/><file name="pa_Guru_IN.xml" hash="1ef9b6466ad6f8d5dc3007ea05d8b4bb"/><file name="pa_IN.xml" hash="4ee7292760d5cb8184611f80060ec233"/><file name="pa_PK.xml" hash="1b0fb7d7d36c7fbd30b3832fcadce996"/><file name="pl.xml" hash="355e1b357734f86bc0cb93772501bf84"/><file name="pl_PL.xml" hash="ab5eacaf2e8a931b5077cccc7733bd15"/><file name="postalCodeData.xml" hash="806b746b20b46e6fe3e58a07826cbd78"/><file name="ps.xml" hash="0471f3ec844f2a9c10851f5a92bc3bdd"/><file name="ps_AF.xml" hash="551e994ad3b21f63542039e3a7c89a25"/><file name="pt.xml" hash="1128c2f991690cb9cc310900814761c1"/><file name="pt_BR.xml" hash="421c84df9e8526699a6f4e4776476373"/><file name="pt_PT.xml" hash="852298b69fe6b84c65c05381ba9547b8"/><file name="ro.xml" hash="3e6a80dd67c58c5621511fa3417dac3d"/><file name="ro_MD.xml" hash="5062f279e26279dbec002494fb9f32bc"/><file name="ro_RO.xml" hash="2ad582f23397390e814837e578f28f8e"/><file name="root.xml" hash="ca717a6648732f2e162aad0682e7092e"/><file name="ru.xml" hash="0b657b8cd0a662588ea9aa220ee98aa6"/><file name="ru_RU.xml" hash="36fc5891eda1571eaa94bc26381cc978"/><file name="ru_UA.xml" hash="367c0d4ee7e70f151fb2cc0c421449bb"/><file name="rw.xml" hash="c7ef5f731d1f7d662cdc177dd0a609dc"/><file name="rw_RW.xml" hash="51806aa2b4b2681cae915cf739633921"/><file name="sa.xml" hash="be586c8125cbe9123f2cd830ca86f0dc"/><file name="sa_IN.xml" hash="df23f5384cabfa85d444a49b21e45afb"/><file name="se.xml" hash="969b6817e026b9c4ded70b4c73884b7e"/><file name="se_FI.xml" hash="4d015c856e531496133e3fb84937509c"/><file name="se_NO.xml" hash="30ee2dd1b111ef7390f10c1e2ae70448"/><file name="sh.xml" hash="3b07f9dd1a14a1520043aa5f781d5dd9"/><file name="sh_BA.xml" hash="739cbaf3e06f79fa65c74dbee7907297"/><file name="sh_CS.xml" hash="c0fcce1abefb76173de2bee1b71817f7"/><file name="sh_YU.xml" hash="39d43f69a8b758204237a5d3ff3b0876"/><file name="si.xml" hash="faa87cca5e64f9562cf2b083789d0826"/><file name="si_LK.xml" hash="4769c07793d67691fec45736d2d6b650"/><file name="sid.xml" hash="1ece23efa9364c9a489042782cab44b5"/><file name="sid_ET.xml" hash="7045d63bb622020751c3450dd812ccf6"/><file name="sk.xml" hash="1ace3178bf61abb7484ee6a7e97388a7"/><file name="sk_SK.xml" hash="7727b974e48af19f375581fe83e41b82"/><file name="sl.xml" hash="8573c3f8eceeb8b86fbdcd348a4a62c3"/><file name="sl_SI.xml" hash="d55a7442a189cb110f069286a2455cf8"/><file name="so.xml" hash="adce222848539758911b62ca5213b37e"/><file name="so_DJ.xml" hash="7bde0781f8de10cd9010a2e9cc9199fb"/><file name="so_ET.xml" hash="04d6047d643db95c39351c35128b9fb8"/><file name="so_KE.xml" hash="971801ef94ed1f222638e522e7593241"/><file name="so_SO.xml" hash="b534d8cd3d150d9c3b88a527f17dcbeb"/><file name="sq.xml" hash="aecfa769bfa6c5ba971f5dfc75f544a2"/><file name="sq_AL.xml" hash="a00bbad0a13ba867bda770c7a79d7888"/><file name="sr.xml" hash="6653877f87be2b2addd93bc560257982"/><file name="sr_BA.xml" hash="991a0c4ca367a3a879832c265e1b8981"/><file name="sr_CS.xml" hash="c7bdd1db349343cd14d8cc683cc5da48"/><file name="sr_Cyrl.xml" hash="80d35388be550ee19921ac7601fe505e"/><file name="sr_Cyrl_BA.xml" hash="fa9905d9577bdbbfe6a13ed7ea213c6f"/><file name="sr_Cyrl_CS.xml" hash="675d81d273948b9df6ee777b02f23bf7"/><file name="sr_Cyrl_ME.xml" hash="8f767cbff21e189a2ae45727175c7f84"/><file name="sr_Cyrl_RS.xml" hash="851a8907e73596a7e4a88681b64cf369"/><file name="sr_Cyrl_YU.xml" hash="cfe643075d2e9356ebfef8500708eb7a"/><file name="sr_Latn.xml" hash="5aa60ce58d6355d04933eb8efa95695e"/><file name="sr_Latn_BA.xml" hash="850fccfa2cfa49b42964b95afc691e2f"/><file name="sr_Latn_CS.xml" hash="3ff0c17724a152f49d310cdf21a30df3"/><file name="sr_Latn_ME.xml" hash="54260fbe5385c198bdb5fbf5378dc9e4"/><file name="sr_Latn_RS.xml" hash="431e6fcca205fcb752b11c575a60879d"/><file name="sr_Latn_YU.xml" hash="1085f717af0d5148a917931ee165faa5"/><file name="sr_ME.xml" hash="73c8773bebd8961076bab4fb55624d6c"/><file name="sr_RS.xml" hash="ba2ded11cfa83e552a45650842457bb9"/><file name="sr_YU.xml" hash="a8f21beda24e4c8e84bafda8b2ed33fe"/><file name="ss.xml" hash="3b8f5d2d27a27e3de5d45e54e9218665"/><file name="ss_SZ.xml" hash="2ab21662e4e278c0b9a090a3ff32fbc9"/><file name="ss_ZA.xml" hash="bdb9d6fe023e13ed1b8898920b415b4e"/><file name="st.xml" hash="6faf732d9663877ec484e9893b598c2f"/><file name="st_LS.xml" hash="c936808f2e80e3410c90abec5abe5a92"/><file name="st_ZA.xml" hash="a14e2582230b3b15e57c285c26c37201"/><file name="supplementalData.xml" hash="ba5e4dcda0370cb08c620697b15c4f52"/><file name="sv.xml" hash="22422b5a2e4f22b376583960ed2ca965"/><file name="sv_FI.xml" hash="a1911a69f2d90890831f95acb5562e8d"/><file name="sv_SE.xml" hash="e34a9c48cf902c01b25483b68d4364c2"/><file name="sw.xml" hash="b729fa98e9fcbad05b19aec4ded4f998"/><file name="sw_KE.xml" hash="e14ace7e82f1ab733ad3d3dee3cba5a6"/><file name="sw_TZ.xml" hash="c6abdba818054d1c434a44bb487829e7"/><file name="syr.xml" hash="7d8b9ae8e41bf6947adf961d63acff44"/><file name="syr_SY.xml" hash="c63343631193cec005b4047146708387"/><file name="ta.xml" hash="6e8986ff0a300ffcb972830ccccf8889"/><file name="ta_IN.xml" hash="c00987b83904537537675299b982b2cd"/><file name="te.xml" hash="d9d0e4423b44598ec40e1a748224a7d4"/><file name="te_IN.xml" hash="8ef1585dafc229e681bb42fd57d48e04"/><file name="telephoneCodeData.xml" hash="a9b998f6934b9dfca134764268becff6"/><file name="tg.xml" hash="c72fafdfff23afa58009170be465afcb"/><file name="tg_Cyrl.xml" hash="d5824954ecd5bae9b059b0a845ccccd6"/><file name="tg_Cyrl_TJ.xml" hash="14ac56a3273984af24b4acd8214d071d"/><file name="tg_TJ.xml" hash="5364ad2e2f81c0d5d786a59f6a79d8c4"/><file name="th.xml" hash="3b81f9a1a7f101cc1ab09be2c19a6c49"/><file name="th_TH.xml" hash="f8d34e978fd78f6a9767ad2c48b15bec"/><file name="ti.xml" hash="d21f93c2adf0ee81772e0dd7da12c386"/><file name="ti_ER.xml" hash="c9c893caebe3ecbce1026f50eb061f17"/><file name="ti_ET.xml" hash="5d6b70e0f9331cbd6ff6edc74ddcffda"/><file name="tig.xml" hash="9ef043ae0df780fbbee137afe8f6726c"/><file name="tig_ER.xml" hash="2c21823465d5463de0888da50b9cc566"/><file name="tl.xml" hash="872c2ad9d0d3635be534273242ac15a7"/><file name="tn.xml" hash="8ee1706efa80e117fd39c1bed6587704"/><file name="tn_ZA.xml" hash="853f5e4edbb174b07e29328bfee4f3f3"/><file name="to.xml" hash="0fce387ec26a56bba11c7933dcdc08c3"/><file name="to_TO.xml" hash="67610188aa4198a4e606f56f27baef5c"/><file name="tr.xml" hash="f8a9adbda722ad7434f20a3b048d9dd9"/><file name="tr_TR.xml" hash="7546fd6e244448b490386a9cd611941f"/><file name="trv.xml" hash="fcd244e53b697e51fedd6315dc1420fd"/><file name="trv_TW.xml" hash="c1893c4837e1c81cb3ead9e5fbdba75d"/><file name="ts.xml" hash="5f2c23c03d5f7ab35590fd9f432e6698"/><file name="ts_ZA.xml" hash="ceefcc5eb546229e11ba2c62e8241e9c"/><file name="tt.xml" hash="77e2260880b98d26c25c3321414f8ddc"/><file name="tt_RU.xml" hash="74cf61b77a5f46e0ac97f27bad1af54e"/><file name="ug.xml" hash="22d5dc71ff232fe6e95e7217aa5ca446"/><file name="ug_Arab.xml" hash="fe3507b57203ad0be35de268f2a8d969"/><file name="ug_Arab_CN.xml" hash="db49dfa8fc3ba0cc10ad7c49ee8b456c"/><file name="ug_CN.xml" hash="26c5b70ae9f176f1c319bb391145cee3"/><file name="uk.xml" hash="84875a0c9d1f5fcdac47c349c1fc1f69"/><file name="uk_UA.xml" hash="671f3cd94e01d25b2b895166e68a0b1e"/><file name="ur.xml" hash="270638502c6395efc809d4509ea1f505"/><file name="ur_IN.xml" hash="9188136b5ec2bbdcf3f2547cb149655b"/><file name="ur_PK.xml" hash="152a658b6563a7ec8113b2ef3cd8c0dc"/><file name="uz.xml" hash="5e062cda92b711fe2b35a2c2336976eb"/><file name="uz_AF.xml" hash="8462c1b422924edf32f8776547a7b308"/><file name="uz_Arab.xml" hash="58aa174961749ec6863ce5915efea1b4"/><file name="uz_Arab_AF.xml" hash="ea05a4e85da0dace0cb1989f9998fc4e"/><file name="uz_Cyrl.xml" hash="af95819e1095d984514209d5955fb687"/><file name="uz_Cyrl_UZ.xml" hash="67e66fe187fdf2020124dc4f75b6bfaa"/><file name="uz_Latn.xml" hash="8a71f6499d5c85d03ecb497ae04db485"/><file name="uz_Latn_UZ.xml" hash="4d5279723b3b3fc819cbb14da170aace"/><file name="uz_UZ.xml" hash="5e748787719f86ef4469ef9fcb3f9a15"/><file name="ve.xml" hash="6af3b37a234d40bdda36b21cbf4e8922"/><file name="ve_ZA.xml" hash="ea6d866fa34e2d4d84bb6466c007dbd7"/><file name="vi.xml" hash="3f4c5e2650127c4102b195a25591c8b8"/><file name="vi_VN.xml" hash="3f6d9833dff5c42b99efb4eca564f0d5"/><file name="wal.xml" hash="2dd716a5b994569bdde3f8c647570e6f"/><file name="wal_ET.xml" hash="4d02f0151bc327396f27cf96ea5268f4"/><file name="wo.xml" hash="b4bb59df9d2e5528ffb0996ee37eb491"/><file name="wo_Latn.xml" hash="b937594c63b3c7980587457a1876eb5f"/><file name="wo_Latn_SN.xml" hash="90fd7ec9ab36ed31bbf094759339db5b"/><file name="wo_SN.xml" hash="ef1e5f77fed75a8ff72b7693a954ea42"/><file name="xh.xml" hash="8cd5441394d8cac9b0aa2ff232d5dc0e"/><file name="xh_ZA.xml" hash="05512b752c90460f618a5fd93edab65c"/><file name="yo.xml" hash="ce91b473ed489a17fae96b80a573476e"/><file name="yo_NG.xml" hash="8ab9fa6773563014d80e1e35e24a390c"/><file name="zh.xml" hash="3ab2f739773ff5435d5e67bde77a5898"/><file name="zh_CN.xml" hash="c65dbc187b2acc5219ba6e7c828bff25"/><file name="zh_HK.xml" hash="1dcfe3cec2637f40c54ae4c87fcc2a2c"/><file name="zh_Hans.xml" hash="fd245d056022b8e285077ab4d977e0e7"/><file name="zh_Hans_CN.xml" hash="f3724fb7225e8ed6a18660e7f38566bb"/><file name="zh_Hans_HK.xml" hash="0330f1c7af142199a0203afc42328472"/><file name="zh_Hans_MO.xml" hash="2177d503dcf6a5bec501e7a857f4e0f0"/><file name="zh_Hans_SG.xml" hash="87de0b02bbaa67e8a60a5b9dd9b4e1b3"/><file name="zh_Hant.xml" hash="882e343d411db70d5ca72f3e44f229b8"/><file name="zh_Hant_HK.xml" hash="5d65fb224c1518bb28654ffb20413ea2"/><file name="zh_Hant_MO.xml" hash="8048bc79d492a5eade131d7930743344"/><file name="zh_Hant_TW.xml" hash="026604ae13e4d4690281e8c2d3001182"/><file name="zh_MO.xml" hash="79fbfb562c2333333fae18401c4c683f"/><file name="zh_SG.xml" hash="e56d9124d60ac04575705c50e912e74c"/><file name="zh_TW.xml" hash="dc3ff77cf811c5d14c8d14f88505bf71"/><file name="zu.xml" hash="fa7adaf70205a86092dedd302dfd9de1"/><file name="zu_ZA.xml" hash="cd85bb1f3f51d0ec18fda39b34cfbe8d"/></dir><file name="Data.php" hash="594ba86ad93b8aec84f0ba53dd9872dc"/><file name="Exception.php" hash="fc6c18122f9bc67a1cf5235d50ba32af"/><file name="Format.php" hash="dffaec5eaba9d478141519e24d1bb677"/><dir name="Math"><file name="Exception.php" hash="4443ecd24bc7136345c001e1eac3ccba"/><file name="PhpMath.php" hash="6a2d7cfa0de91f9ff3d3ae609f898afc"/></dir><file name="Math.php" hash="70e1427fb163f7cad3144c3942693533"/></dir><file name="Locale.php" hash="71da882e2caf1cc6e80060402525ed0b"/></dir></target></contents>
    <compatible/>
    <dependencies><required><php><min>5.2.0</min><max>6.0.0</max></php></required></dependencies>
</package>
