<?xml version="1.0"?>
<package>
    <name>Lib_Mage</name>
    <version>1.8.0.0</version>
    <stability>stable</stability>
    <license uri="http://opensource.org/licenses/osl-3.0.php">OSL v3.0</license>
    <channel>community</channel>
    <extends/>
    <summary>Mage Library</summary>
    <description>Mage Library</description>
    <notes>1.8.0.0</notes>
    <authors><author><name>Magento Core Team</name><user>core</user><email>core@magentocommerce.com</email></author></authors>
    <date>2013-09-23</date>
    <time>18:30:58</time>
    <contents><target name="magelib"><dir name="Mage"><dir name="Archive"><file name="Abstract.php" hash="6324215ec8ab3c55730c57976b7cd4f7"/><file name="Bz.php" hash="6485bb0cd67f6f5dfa11b8ba29e23d43"/><file name="Gz.php" hash="7f75dbebd125a0d4c27803d4ca4983f4"/><dir name="Helper"><dir name="File"><file name="Bz.php" hash="ec70e019f9031c2c2f16c9f910434352"/><file name="Gz.php" hash="84d1f376a78efa1898f888c854faf040"/></dir><file name="File.php" hash="8a0383c1b32cdbc8c53ba551c7814bda"/></dir><file name="Interface.php" hash="283914c36fdcf9851ec651149176fff7"/><file name="Tar.php" hash="123ee3d7c52d7319de903bf3e9422aa9"/></dir><file name="Archive.php" hash="1e0342bbcb89d417c7ee77ad3387938d"/><dir name="Autoload"><file name="Simple.php" hash="0112e880807596fbe8822be12314f14f"/></dir><dir name="Backup"><file name="Abstract.php" hash="4ab32913f5831b4e449486a5cf84d07e"/><dir name="Archive"><file name="Tar.php" hash="b6b2731bfa267b6b5fcb28d3f8f8cdbf"/></dir><file name="Db.php" hash="58001faa3a70a54441f45de8cb77aacb"/><dir name="Exception"><file name="CantLoadSnapshot.php" hash="67e47d7b54e466ebf0230810bec31158"/><file name="FtpConnectionFailed.php" hash="54cc1c76345d5fc601f7cf3af67151f6"/><file name="FtpValidationFailed.php" hash="51847fdeb1539094b9eca84b601ca241"/><file name="NotEnoughFreeSpace.php" hash="5a95f8877b4b8ca8936c0fc88a1a65ac"/><file name="NotEnoughPermissions.php" hash="b89a417fc74cc6b45371967c9c7a3e92"/></dir><file name="Exception.php" hash="b10632f40d57f0768f8d1058b0fd10fc"/><dir name="Filesystem"><file name="Helper.php" hash="981b2a7ff2ffc271c541c77e137f1627"/><dir name="Iterator"><file name="File.php" hash="0bfe672a2e72af47c777f7321b0752aa"/><file name="Filter.php" hash="f994e954d22007498e4078345aeadd20"/></dir><dir name="Rollback"><file name="Abstract.php" hash="90a2781c3c6443e08aeb3b6f1d21f97f"/><file name="Fs.php" hash="c76f9c2e09d37d4dcc785fab7d4e02b0"/><file name="Ftp.php" hash="ebea4f77dee7cc83444da16b7d51e397"/></dir></dir><file name="Filesystem.php" hash="8da3a28a9f90091105121dee17cfa142"/><file name="Interface.php" hash="5507294967fc6a5472aa82df60a1bf69"/><file name="Media.php" hash="fd2d608b2b5afaab2f33f67b5155e14b"/><file name="Nomedia.php" hash="da38dbea4586952e20d327b3af1347ae"/><file name="Snapshot.php" hash="2e4ce7ed1b78c4dbad25221abbb4aaf2"/></dir><file name="Backup.php" hash="56bf7a531ab332a0f10821e5d583afc4"/><dir name="Cache"><dir name="Backend"><file name="File.php" hash="42f4f35ddc14528a2351cad9c6861a8e"/><file name="Redis.php" hash="830130fc2d5acabbe171920e5e14d982"/></dir></dir><dir name="Connect"><dir name="Channel"><file name="Generator.php" hash="a1f115e909680bca8c1b1f0940244b13"/><file name="Parser.php" hash="ec2e7380ec4bca81de2795f96975e778"/><file name="VO.php" hash="870a1b9b28d85dd72b2b1e2529dca354"/></dir><dir name="Command"><file name="Channels_Header.php" hash="934366a4daa1ebe87b25cb9dfa061798"/><file name="Channels.php" hash="12f730285615329cba0b570385009837"/><file name="Config_Header.php" hash="119a103ed71b326993756961b6c7c2a0"/><file name="Config.php" hash="5091776f35732d8b0ff12c8ff3561c69"/><file name="Install_Header.php" hash="71f0b6bad2f745235352d181bcc66645"/><file name="Install.php" hash="2f7227a1f4003d6ce6edec4a0ce02e0f"/><file name="Package_Header.php" hash="dc3840a95f89ef844df40c585582815d"/><file name="Package.php" hash="b36bdc6a3c0f6bc9d7766a37c046a481"/><file name="Registry_Header.php" hash="559edbac0f3d267c8ca289e526b940d1"/><file name="Registry.php" hash="f9fde28940ff38dbc336335d575a295d"/><file name="Remote_Header.php" hash="4b56cd683710de6c81241f902570ba25"/><file name="Remote.php" hash="6f959617993d58aec974d578921b6212"/></dir><file name="Command.php" hash="0d474da0956a292aa83e88da4975c527"/><file name="Config.php" hash="511f752123ccc6c148a6a308fc3f81b2"/><file name="Converter.php" hash="1cde84613c6079050bb3824aba3b380d"/><dir name="Frontend"><file name="CLI.php" hash="86e6631d9345d5bf9d15148cfdace3bf"/></dir><file name="Frontend.php" hash="0a97c590fdc9844b225638d631315d35"/><file name="Ftp.php" hash="2b87de89c19712ae22756b11c763e137"/><dir name="Loader"><file name="Ftp.php" hash="0ca46737d25bf0eb321414f2d8b7ced0"/></dir><file name="Loader.php" hash="009d6f986d5ff406f7e94d2b395f6e25"/><dir name="Package"><file name="Extension.php" hash="68b329da9893e34099c7d8ad5cb9c940"/><file name="Hotfix.php" hash="850bd23783a77dbf6f50b4f169c2c7b3"/><file name="Maintainer.php" hash="d41d8cd98f00b204e9800998ecf8427e"/><file name="Reader.php" hash="ca384e066ac21168e0a7aebc5da869c1"/><file name="Target.php" hash="351af5965f7870d3f4e960d402805b17"/><file name="VO.php" hash="9ffbdff9210474b68db7caddf9a5fe5a"/><file name="Writer.php" hash="431f107ab2ffd1977f74a94ae16481d1"/></dir><file name="Package.php" hash="bf5af87c29959f229de7b69d1d94f1e0"/><file name="Packager.php" hash="42efcb63cc3b9dbbc5e8eb98b2d8d08e"/><dir name="Repository"><file name="Abstract.php" hash="d41d8cd98f00b204e9800998ecf8427e"/><dir name="Channel"><file name="Abstract.php" hash="d41d8cd98f00b204e9800998ecf8427e"/><file name="Commercial.php" hash="d41d8cd98f00b204e9800998ecf8427e"/><file name="Community.php" hash="d41d8cd98f00b204e9800998ecf8427e"/><file name="Core.php" hash="d41d8cd98f00b204e9800998ecf8427e"/></dir><file name="Channel.php" hash="d41d8cd98f00b204e9800998ecf8427e"/><file name="Local.php" hash="d41d8cd98f00b204e9800998ecf8427e"/></dir><file name="Repository.php" hash="d41d8cd98f00b204e9800998ecf8427e"/><file name="Rest.php" hash="ba2d2365fc989274940e1fdff6476875"/><file name="Singleconfig.php" hash="975c04d57cbce24327e84a93d9f5443e"/><dir name="Structures"><file name="Graph.php" hash="b85283fd2af6fd54fb748cb6ea933842"/><file name="Node.php" hash="26a7e4041c3d2fd93bfdc3c692c85ede"/></dir><file name="Validator.php" hash="3ac1b21ec703073d5dd9b5dda3471fe8"/></dir><dir name="DB"><file name="Exception.php" hash="e0b55d77af8e215135ef223f593832ad"/><file name="Mysqli.php" hash="5057ea65f441bbb00c7e55298e9252a4"/></dir><file name="Exception.php" hash="807f6335110c3d6fa0cf5072e2be7892"/><dir name="HTTP"><dir name="Client"><file name="Curl.php" hash="f537a9879781ec3fe2748677bee43737"/><file name="Socket.php" hash="7a889fed729d92eba849d6fdfa32d7d6"/></dir><file name="Client.php" hash="7072f9366680bc5ebc1c447700193cb4"/><file name="IClient.php" hash="88a4a88a31a05a2154d430d7b4308ff6"/></dir><dir name="System"><file name="Args.php" hash="46467e1069edf432030d14dd59fa73df"/><file name="Dirs.php" hash="4edad790aedfbd404df28af9d2f2bea6"/><file name="Ftp.php" hash="6fc28c56dde7613be3da7b9f766caa51"/></dir><dir name="Xml"><file name="Generator.php" hash="0ddc93b0c75885f67d049d0a38c630fa"/><file name="Parser.php" hash="b2bdc0880cd5bc2d82468ee075e783a2"/></dir></dir></target></contents>
    <compatible/>
    <dependencies><required><php><min>5.2.0</min><max>6.0.0</max></php></required></dependencies>
</package>
